"pkID","Size","Season","Visibility","s1","s2","s3","s4","s5"
"pk1","bat","spring","RP",0,0,0,0,0
"pk2","bat","spring","RP",0,0,0,0,0
"pk3","bat","spring","RP",0,1,NA,NA,NA
"pk4","bat","spring","RP",1,NA,NA,NA,NA
"pk5","bat","spring","RP",1,NA,NA,NA,NA
"pk6","bat","spring","RP",1,NA,NA,NA,NA
"pk7","bat","spring","RP",1,NA,NA,NA,NA
"pk8","bat","spring","RP",1,NA,NA,NA,NA
"pk9","bat","spring","RP",1,NA,NA,NA,NA
"pk10","bat","spring","RP",1,NA,NA,NA,NA
"pk11","bat","spring","RP",0,1,NA,NA,NA
"pk12","bat","spring","RP",0,0,0,0,1
"pk13","bat","spring","RP",1,NA,NA,NA,NA
"pk14","bat","spring","RP",1,NA,NA,NA,NA
"pk15","bat","spring","RP",0,1,NA,NA,NA
"pk16","bat","spring","RP",1,NA,NA,NA,NA
"pk17","bat","spring","RP",1,NA,NA,NA,NA
"pk18","bat","spring","RP",1,NA,NA,NA,NA
"pk19","bat","spring","RP",0,0,1,NA,NA
"pk20","bat","spring","RP",1,NA,NA,NA,NA
"pk21","bat","summer","RP",1,NA,NA,NA,NA
"pk22","bat","summer","RP",0,0,0,1,NA
"pk23","bat","summer","RP",1,NA,NA,NA,NA
"pk24","bat","summer","RP",1,NA,NA,NA,NA
"pk25","bat","summer","RP",1,NA,NA,NA,NA
"pk26","bat","summer","RP",0,0,1,NA,NA
"pk27","bat","summer","RP",1,NA,NA,NA,NA
"pk28","bat","summer","RP",1,NA,NA,NA,NA
"pk29","bat","summer","RP",1,NA,NA,NA,NA
"pk30","bat","summer","RP",1,NA,NA,NA,NA
"pk31","bat","summer","RP",1,NA,NA,NA,NA
"pk32","bat","summer","RP",0,0,0,0,0
"pk33","bat","summer","RP",0,0,1,NA,NA
"pk34","bat","summer","RP",1,NA,NA,NA,NA
"pk35","bat","summer","RP",1,NA,NA,NA,NA
"pk36","bat","summer","RP",1,NA,NA,NA,NA
"pk37","bat","summer","RP",0,1,NA,NA,NA
"pk38","bat","summer","RP",1,NA,NA,NA,NA
"pk39","bat","summer","RP",1,NA,NA,NA,NA
"pk40","bat","summer","RP",1,NA,NA,NA,NA
"pk41","bat","fall","RP",0,0,0,1,NA
"pk42","bat","fall","RP",0,1,NA,NA,NA
"pk43","bat","fall","RP",1,NA,NA,NA,NA
"pk44","bat","fall","RP",0,1,NA,NA,NA
"pk45","bat","fall","RP",1,NA,NA,NA,NA
"pk46","bat","fall","RP",1,NA,NA,NA,NA
"pk47","bat","fall","RP",1,NA,NA,NA,NA
"pk48","bat","fall","RP",0,1,NA,NA,NA
"pk49","bat","fall","RP",1,NA,NA,NA,NA
"pk50","bat","fall","RP",0,0,0,0,0
"pk51","bat","fall","RP",1,NA,NA,NA,NA
"pk52","bat","fall","RP",0,0,0,0,0
"pk53","bat","fall","RP",0,1,NA,NA,NA
"pk54","bat","fall","RP",0,0,1,NA,NA
"pk55","bat","fall","RP",1,NA,NA,NA,NA
"pk56","bat","fall","RP",0,1,NA,NA,NA
"pk57","bat","fall","RP",0,0,1,NA,NA
"pk58","bat","fall","RP",0,1,NA,NA,NA
"pk59","bat","fall","RP",1,NA,NA,NA,NA
"pk60","bat","fall","RP",1,NA,NA,NA,NA
"pk61","bat","spring","M",0,0,0,0,0
"pk62","bat","spring","M",0,0,0,0,0
"pk63","bat","spring","M",0,0,0,0,0
"pk64","bat","spring","M",0,0,0,0,0
"pk65","bat","spring","M",1,NA,NA,NA,NA
"pk66","bat","spring","M",1,NA,NA,NA,NA
"pk67","bat","spring","M",0,0,1,NA,NA
"pk68","bat","spring","M",0,1,NA,NA,NA
"pk69","bat","spring","M",0,0,0,1,NA
"pk70","bat","spring","M",0,0,1,NA,NA
"pk71","bat","spring","M",0,0,0,0,0
"pk72","bat","spring","M",1,NA,NA,NA,NA
"pk73","bat","spring","M",0,0,0,0,0
"pk74","bat","spring","M",0,0,0,1,NA
"pk75","bat","spring","M",0,0,0,0,0
"pk76","bat","spring","M",0,0,0,0,0
"pk77","bat","spring","M",0,0,0,0,0
"pk78","bat","spring","M",0,0,0,1,NA
"pk79","bat","spring","M",0,1,NA,NA,NA
"pk80","bat","spring","M",0,0,0,0,0
"pk81","bat","summer","M",1,NA,NA,NA,NA
"pk82","bat","summer","M",0,0,0,0,0
"pk83","bat","summer","M",0,1,NA,NA,NA
"pk84","bat","summer","M",0,0,0,0,0
"pk85","bat","summer","M",1,NA,NA,NA,NA
"pk86","bat","summer","M",0,0,0,0,0
"pk87","bat","summer","M",0,0,0,0,1
"pk88","bat","summer","M",1,NA,NA,NA,NA
"pk89","bat","summer","M",0,1,NA,NA,NA
"pk90","bat","summer","M",0,1,NA,NA,NA
"pk91","bat","summer","M",1,NA,NA,NA,NA
"pk92","bat","summer","M",0,0,0,0,0
"pk93","bat","summer","M",1,NA,NA,NA,NA
"pk94","bat","summer","M",1,NA,NA,NA,NA
"pk95","bat","summer","M",1,NA,NA,NA,NA
"pk96","bat","summer","M",0,0,0,0,0
"pk97","bat","summer","M",1,NA,NA,NA,NA
"pk98","bat","summer","M",0,0,0,1,NA
"pk99","bat","summer","M",1,NA,NA,NA,NA
"pk100","bat","summer","M",1,NA,NA,NA,NA
"pk101","bat","fall","M",0,0,0,0,0
"pk102","bat","fall","M",0,0,0,0,0
"pk103","bat","fall","M",0,0,0,0,0
"pk104","bat","fall","M",0,0,0,1,NA
"pk105","bat","fall","M",0,0,1,NA,NA
"pk106","bat","fall","M",0,0,0,0,0
"pk107","bat","fall","M",1,NA,NA,NA,NA
"pk108","bat","fall","M",0,0,0,0,0
"pk109","bat","fall","M",0,0,1,NA,NA
"pk110","bat","fall","M",0,0,0,0,0
"pk111","bat","fall","M",1,NA,NA,NA,NA
"pk112","bat","fall","M",0,0,0,0,0
"pk113","bat","fall","M",0,0,1,NA,NA
"pk114","bat","fall","M",0,0,0,0,0
"pk115","bat","fall","M",1,NA,NA,NA,NA
"pk116","bat","fall","M",0,0,1,NA,NA
"pk117","bat","fall","M",1,NA,NA,NA,NA
"pk118","bat","fall","M",1,NA,NA,NA,NA
"pk119","bat","fall","M",0,0,0,0,0
"pk120","bat","fall","M",1,NA,NA,NA,NA
"pk121","bat","spring","D",0,0,0,0,0
"pk122","bat","spring","D",0,0,0,0,0
"pk123","bat","spring","D",0,0,0,0,0
"pk124","bat","spring","D",0,0,0,0,0
"pk125","bat","spring","D",0,0,0,0,0
"pk126","bat","spring","D",0,0,0,0,0
"pk127","bat","spring","D",0,0,0,0,0
"pk128","bat","spring","D",0,0,0,0,0
"pk129","bat","spring","D",0,0,0,0,0
"pk130","bat","spring","D",0,0,1,NA,NA
"pk131","bat","spring","D",0,0,0,0,0
"pk132","bat","spring","D",0,0,0,0,0
"pk133","bat","spring","D",0,0,0,0,0
"pk134","bat","spring","D",0,1,NA,NA,NA
"pk135","bat","spring","D",1,NA,NA,NA,NA
"pk136","bat","spring","D",0,1,NA,NA,NA
"pk137","bat","spring","D",0,0,0,0,0
"pk138","bat","spring","D",1,NA,NA,NA,NA
"pk139","bat","spring","D",0,0,0,0,0
"pk140","bat","spring","D",0,0,0,0,0
"pk141","bat","summer","D",0,0,0,0,0
"pk142","bat","summer","D",0,0,0,0,0
"pk143","bat","summer","D",0,0,0,0,0
"pk144","bat","summer","D",0,1,NA,NA,NA
"pk145","bat","summer","D",0,0,0,0,1
"pk146","bat","summer","D",0,0,0,0,0
"pk147","bat","summer","D",0,0,1,NA,NA
"pk148","bat","summer","D",0,0,0,0,0
"pk149","bat","summer","D",0,0,0,0,0
"pk150","bat","summer","D",0,0,0,0,0
"pk151","bat","summer","D",0,0,0,0,0
"pk152","bat","summer","D",0,0,0,0,0
"pk153","bat","summer","D",1,NA,NA,NA,NA
"pk154","bat","summer","D",0,0,0,0,0
"pk155","bat","summer","D",0,0,0,0,0
"pk156","bat","summer","D",1,NA,NA,NA,NA
"pk157","bat","summer","D",0,0,0,0,0
"pk158","bat","summer","D",0,0,0,0,0
"pk159","bat","summer","D",0,0,0,0,0
"pk160","bat","summer","D",1,NA,NA,NA,NA
"pk161","bat","fall","D",1,NA,NA,NA,NA
"pk162","bat","fall","D",0,0,0,0,0
"pk163","bat","fall","D",0,0,0,0,0
"pk164","bat","fall","D",0,0,0,0,0
"pk165","bat","fall","D",0,0,0,0,0
"pk166","bat","fall","D",0,0,0,1,NA
"pk167","bat","fall","D",0,0,0,0,0
"pk168","bat","fall","D",1,NA,NA,NA,NA
"pk169","bat","fall","D",0,0,0,0,0
"pk170","bat","fall","D",0,0,0,0,0
"pk171","bat","fall","D",1,NA,NA,NA,NA
"pk172","bat","fall","D",0,0,0,0,0
"pk173","bat","fall","D",0,0,0,0,0
"pk174","bat","fall","D",0,0,0,0,0
"pk175","bat","fall","D",0,0,0,0,0
"pk176","bat","fall","D",0,0,0,0,0
"pk177","bat","fall","D",0,0,0,0,0
"pk178","bat","fall","D",0,0,0,0,0
"pk179","bat","fall","D",0,1,NA,NA,NA
"pk180","bat","fall","D",0,1,NA,NA,NA
"pk181","sml","spring","RP",1,NA,NA,NA,NA
"pk182","sml","spring","RP",1,NA,NA,NA,NA
"pk183","sml","spring","RP",0,0,0,0,0
"pk184","sml","spring","RP",1,NA,NA,NA,NA
"pk185","sml","spring","RP",0,0,1,NA,NA
"pk186","sml","spring","RP",1,NA,NA,NA,NA
"pk187","sml","spring","RP",1,NA,NA,NA,NA
"pk188","sml","spring","RP",1,NA,NA,NA,NA
"pk189","sml","spring","RP",0,0,0,0,1
"pk190","sml","spring","RP",0,1,NA,NA,NA
"pk191","sml","spring","RP",1,NA,NA,NA,NA
"pk192","sml","spring","RP",0,0,1,NA,NA
"pk193","sml","spring","RP",1,NA,NA,NA,NA
"pk194","sml","spring","RP",1,NA,NA,NA,NA
"pk195","sml","spring","RP",1,NA,NA,NA,NA
"pk196","sml","spring","RP",0,0,1,NA,NA
"pk197","sml","spring","RP",1,NA,NA,NA,NA
"pk198","sml","spring","RP",1,NA,NA,NA,NA
"pk199","sml","spring","RP",1,NA,NA,NA,NA
"pk200","sml","spring","RP",0,1,NA,NA,NA
"pk201","sml","summer","RP",0,1,NA,NA,NA
"pk202","sml","summer","RP",0,0,1,NA,NA
"pk203","sml","summer","RP",1,NA,NA,NA,NA
"pk204","sml","summer","RP",1,NA,NA,NA,NA
"pk205","sml","summer","RP",1,NA,NA,NA,NA
"pk206","sml","summer","RP",0,1,NA,NA,NA
"pk207","sml","summer","RP",1,NA,NA,NA,NA
"pk208","sml","summer","RP",1,NA,NA,NA,NA
"pk209","sml","summer","RP",1,NA,NA,NA,NA
"pk210","sml","summer","RP",0,1,NA,NA,NA
"pk211","sml","summer","RP",1,NA,NA,NA,NA
"pk212","sml","summer","RP",1,NA,NA,NA,NA
"pk213","sml","summer","RP",0,1,NA,NA,NA
"pk214","sml","summer","RP",1,NA,NA,NA,NA
"pk215","sml","summer","RP",0,0,1,NA,NA
"pk216","sml","summer","RP",0,0,0,0,1
"pk217","sml","summer","RP",0,1,NA,NA,NA
"pk218","sml","summer","RP",1,NA,NA,NA,NA
"pk219","sml","summer","RP",1,NA,NA,NA,NA
"pk220","sml","summer","RP",1,NA,NA,NA,NA
"pk221","sml","fall","RP",1,NA,NA,NA,NA
"pk222","sml","fall","RP",1,NA,NA,NA,NA
"pk223","sml","fall","RP",1,NA,NA,NA,NA
"pk224","sml","fall","RP",0,1,NA,NA,NA
"pk225","sml","fall","RP",1,NA,NA,NA,NA
"pk226","sml","fall","RP",1,NA,NA,NA,NA
"pk227","sml","fall","RP",1,NA,NA,NA,NA
"pk228","sml","fall","RP",1,NA,NA,NA,NA
"pk229","sml","fall","RP",0,0,1,NA,NA
"pk230","sml","fall","RP",1,NA,NA,NA,NA
"pk231","sml","fall","RP",1,NA,NA,NA,NA
"pk232","sml","fall","RP",0,1,NA,NA,NA
"pk233","sml","fall","RP",1,NA,NA,NA,NA
"pk234","sml","fall","RP",1,NA,NA,NA,NA
"pk235","sml","fall","RP",0,0,1,NA,NA
"pk236","sml","fall","RP",0,0,0,0,0
"pk237","sml","fall","RP",0,1,NA,NA,NA
"pk238","sml","fall","RP",1,NA,NA,NA,NA
"pk239","sml","fall","RP",1,NA,NA,NA,NA
"pk240","sml","fall","RP",1,NA,NA,NA,NA
"pk241","sml","spring","M",0,0,1,NA,NA
"pk242","sml","spring","M",1,NA,NA,NA,NA
"pk243","sml","spring","M",0,0,0,0,0
"pk244","sml","spring","M",0,0,1,NA,NA
"pk245","sml","spring","M",1,NA,NA,NA,NA
"pk246","sml","spring","M",1,NA,NA,NA,NA
"pk247","sml","spring","M",1,NA,NA,NA,NA
"pk248","sml","spring","M",0,0,0,0,0
"pk249","sml","spring","M",0,0,1,NA,NA
"pk250","sml","spring","M",0,0,1,NA,NA
"pk251","sml","spring","M",1,NA,NA,NA,NA
"pk252","sml","spring","M",0,0,0,0,0
"pk253","sml","spring","M",0,0,0,0,0
"pk254","sml","spring","M",0,0,0,0,0
"pk255","sml","spring","M",0,1,NA,NA,NA
"pk256","sml","spring","M",1,NA,NA,NA,NA
"pk257","sml","spring","M",1,NA,NA,NA,NA
"pk258","sml","spring","M",1,NA,NA,NA,NA
"pk259","sml","spring","M",1,NA,NA,NA,NA
"pk260","sml","spring","M",0,0,0,0,0
"pk261","sml","summer","M",1,NA,NA,NA,NA
"pk262","sml","summer","M",0,0,1,NA,NA
"pk263","sml","summer","M",0,0,0,0,0
"pk264","sml","summer","M",1,NA,NA,NA,NA
"pk265","sml","summer","M",0,1,NA,NA,NA
"pk266","sml","summer","M",0,0,0,0,0
"pk267","sml","summer","M",1,NA,NA,NA,NA
"pk268","sml","summer","M",1,NA,NA,NA,NA
"pk269","sml","summer","M",0,1,NA,NA,NA
"pk270","sml","summer","M",0,0,0,0,0
"pk271","sml","summer","M",0,0,0,0,0
"pk272","sml","summer","M",0,0,0,0,0
"pk273","sml","summer","M",0,1,NA,NA,NA
"pk274","sml","summer","M",0,1,NA,NA,NA
"pk275","sml","summer","M",1,NA,NA,NA,NA
"pk276","sml","summer","M",1,NA,NA,NA,NA
"pk277","sml","summer","M",0,0,0,1,NA
"pk278","sml","summer","M",0,0,0,0,0
"pk279","sml","summer","M",1,NA,NA,NA,NA
"pk280","sml","summer","M",0,1,NA,NA,NA
"pk281","sml","fall","M",1,NA,NA,NA,NA
"pk282","sml","fall","M",1,NA,NA,NA,NA
"pk283","sml","fall","M",0,0,1,NA,NA
"pk284","sml","fall","M",0,0,0,0,0
"pk285","sml","fall","M",1,NA,NA,NA,NA
"pk286","sml","fall","M",1,NA,NA,NA,NA
"pk287","sml","fall","M",0,1,NA,NA,NA
"pk288","sml","fall","M",0,0,0,0,0
"pk289","sml","fall","M",0,0,0,1,NA
"pk290","sml","fall","M",0,0,0,0,0
"pk291","sml","fall","M",0,0,0,0,0
"pk292","sml","fall","M",1,NA,NA,NA,NA
"pk293","sml","fall","M",1,NA,NA,NA,NA
"pk294","sml","fall","M",0,0,0,0,0
"pk295","sml","fall","M",1,NA,NA,NA,NA
"pk296","sml","fall","M",0,1,NA,NA,NA
"pk297","sml","fall","M",1,NA,NA,NA,NA
"pk298","sml","fall","M",0,0,0,0,0
"pk299","sml","fall","M",0,0,1,NA,NA
"pk300","sml","fall","M",0,0,1,NA,NA
"pk301","sml","spring","D",0,1,NA,NA,NA
"pk302","sml","spring","D",0,0,0,0,0
"pk303","sml","spring","D",0,0,0,0,0
"pk304","sml","spring","D",0,0,0,0,0
"pk305","sml","spring","D",0,0,0,0,0
"pk306","sml","spring","D",0,0,0,0,1
"pk307","sml","spring","D",0,0,0,0,0
"pk308","sml","spring","D",0,0,0,0,0
"pk309","sml","spring","D",0,0,0,0,0
"pk310","sml","spring","D",0,0,0,0,0
"pk311","sml","spring","D",0,0,0,0,0
"pk312","sml","spring","D",0,0,0,0,0
"pk313","sml","spring","D",0,0,0,0,0
"pk314","sml","spring","D",0,0,0,0,0
"pk315","sml","spring","D",0,0,0,0,0
"pk316","sml","spring","D",0,0,0,0,0
"pk317","sml","spring","D",0,0,0,0,0
"pk318","sml","spring","D",0,1,NA,NA,NA
"pk319","sml","spring","D",0,0,0,1,NA
"pk320","sml","spring","D",0,0,0,0,0
"pk321","sml","summer","D",0,0,0,0,0
"pk322","sml","summer","D",0,0,0,0,0
"pk323","sml","summer","D",1,NA,NA,NA,NA
"pk324","sml","summer","D",0,0,0,0,0
"pk325","sml","summer","D",1,NA,NA,NA,NA
"pk326","sml","summer","D",0,0,0,0,0
"pk327","sml","summer","D",0,0,0,1,NA
"pk328","sml","summer","D",1,NA,NA,NA,NA
"pk329","sml","summer","D",0,0,0,1,NA
"pk330","sml","summer","D",1,NA,NA,NA,NA
"pk331","sml","summer","D",0,0,0,0,0
"pk332","sml","summer","D",0,0,0,0,0
"pk333","sml","summer","D",1,NA,NA,NA,NA
"pk334","sml","summer","D",0,0,0,0,0
"pk335","sml","summer","D",1,NA,NA,NA,NA
"pk336","sml","summer","D",1,NA,NA,NA,NA
"pk337","sml","summer","D",0,1,NA,NA,NA
"pk338","sml","summer","D",0,0,0,0,0
"pk339","sml","summer","D",0,0,0,0,0
"pk340","sml","summer","D",0,0,1,NA,NA
"pk341","sml","fall","D",0,1,NA,NA,NA
"pk342","sml","fall","D",0,0,0,0,0
"pk343","sml","fall","D",0,0,0,0,0
"pk344","sml","fall","D",0,0,0,0,0
"pk345","sml","fall","D",0,0,0,0,0
"pk346","sml","fall","D",0,0,0,0,0
"pk347","sml","fall","D",1,NA,NA,NA,NA
"pk348","sml","fall","D",1,NA,NA,NA,NA
"pk349","sml","fall","D",0,0,0,0,0
"pk350","sml","fall","D",1,NA,NA,NA,NA
"pk351","sml","fall","D",0,0,0,0,0
"pk352","sml","fall","D",1,NA,NA,NA,NA
"pk353","sml","fall","D",0,1,NA,NA,NA
"pk354","sml","fall","D",0,0,0,0,0
"pk355","sml","fall","D",0,0,0,0,0
"pk356","sml","fall","D",1,NA,NA,NA,NA
"pk357","sml","fall","D",0,0,0,0,0
"pk358","sml","fall","D",0,0,0,0,0
"pk359","sml","fall","D",0,0,0,0,0
"pk360","sml","fall","D",0,0,0,0,0
"pk361","med","spring","RP",0,0,0,1,NA
"pk362","med","spring","RP",0,1,NA,NA,NA
"pk363","med","spring","RP",0,1,NA,NA,NA
"pk364","med","spring","RP",1,NA,NA,NA,NA
"pk365","med","spring","RP",1,NA,NA,NA,NA
"pk366","med","spring","RP",0,1,NA,NA,NA
"pk367","med","spring","RP",0,1,NA,NA,NA
"pk368","med","spring","RP",1,NA,NA,NA,NA
"pk369","med","spring","RP",1,NA,NA,NA,NA
"pk370","med","spring","RP",1,NA,NA,NA,NA
"pk371","med","spring","RP",1,NA,NA,NA,NA
"pk372","med","spring","RP",1,NA,NA,NA,NA
"pk373","med","spring","RP",0,0,0,1,NA
"pk374","med","spring","RP",1,NA,NA,NA,NA
"pk375","med","spring","RP",1,NA,NA,NA,NA
"pk376","med","spring","RP",1,NA,NA,NA,NA
"pk377","med","spring","RP",0,1,NA,NA,NA
"pk378","med","spring","RP",1,NA,NA,NA,NA
"pk379","med","spring","RP",1,NA,NA,NA,NA
"pk380","med","spring","RP",0,0,0,0,0
"pk381","med","summer","RP",1,NA,NA,NA,NA
"pk382","med","summer","RP",1,NA,NA,NA,NA
"pk383","med","summer","RP",1,NA,NA,NA,NA
"pk384","med","summer","RP",1,NA,NA,NA,NA
"pk385","med","summer","RP",1,NA,NA,NA,NA
"pk386","med","summer","RP",1,NA,NA,NA,NA
"pk387","med","summer","RP",0,0,1,NA,NA
"pk388","med","summer","RP",1,NA,NA,NA,NA
"pk389","med","summer","RP",0,1,NA,NA,NA
"pk390","med","summer","RP",0,1,NA,NA,NA
"pk391","med","summer","RP",1,NA,NA,NA,NA
"pk392","med","summer","RP",0,0,0,0,0
"pk393","med","summer","RP",0,1,NA,NA,NA
"pk394","med","summer","RP",1,NA,NA,NA,NA
"pk395","med","summer","RP",1,NA,NA,NA,NA
"pk396","med","summer","RP",1,NA,NA,NA,NA
"pk397","med","summer","RP",1,NA,NA,NA,NA
"pk398","med","summer","RP",1,NA,NA,NA,NA
"pk399","med","summer","RP",1,NA,NA,NA,NA
"pk400","med","summer","RP",1,NA,NA,NA,NA
"pk401","med","fall","RP",0,0,0,0,0
"pk402","med","fall","RP",1,NA,NA,NA,NA
"pk403","med","fall","RP",1,NA,NA,NA,NA
"pk404","med","fall","RP",1,NA,NA,NA,NA
"pk405","med","fall","RP",1,NA,NA,NA,NA
"pk406","med","fall","RP",1,NA,NA,NA,NA
"pk407","med","fall","RP",1,NA,NA,NA,NA
"pk408","med","fall","RP",0,1,NA,NA,NA
"pk409","med","fall","RP",1,NA,NA,NA,NA
"pk410","med","fall","RP",1,NA,NA,NA,NA
"pk411","med","fall","RP",1,NA,NA,NA,NA
"pk412","med","fall","RP",1,NA,NA,NA,NA
"pk413","med","fall","RP",1,NA,NA,NA,NA
"pk414","med","fall","RP",1,NA,NA,NA,NA
"pk415","med","fall","RP",1,NA,NA,NA,NA
"pk416","med","fall","RP",1,NA,NA,NA,NA
"pk417","med","fall","RP",0,0,0,0,0
"pk418","med","fall","RP",0,0,1,NA,NA
"pk419","med","fall","RP",0,0,1,NA,NA
"pk420","med","fall","RP",1,NA,NA,NA,NA
"pk421","med","spring","M",0,0,1,NA,NA
"pk422","med","spring","M",0,1,NA,NA,NA
"pk423","med","spring","M",0,1,NA,NA,NA
"pk424","med","spring","M",1,NA,NA,NA,NA
"pk425","med","spring","M",0,0,0,0,0
"pk426","med","spring","M",1,NA,NA,NA,NA
"pk427","med","spring","M",0,0,0,0,1
"pk428","med","spring","M",0,0,0,0,0
"pk429","med","spring","M",0,0,0,0,0
"pk430","med","spring","M",1,NA,NA,NA,NA
"pk431","med","spring","M",0,1,NA,NA,NA
"pk432","med","spring","M",0,1,NA,NA,NA
"pk433","med","spring","M",1,NA,NA,NA,NA
"pk434","med","spring","M",1,NA,NA,NA,NA
"pk435","med","spring","M",0,0,0,1,NA
"pk436","med","spring","M",0,1,NA,NA,NA
"pk437","med","spring","M",0,1,NA,NA,NA
"pk438","med","spring","M",0,0,1,NA,NA
"pk439","med","spring","M",0,0,0,0,0
"pk440","med","spring","M",0,0,0,0,0
"pk441","med","summer","M",1,NA,NA,NA,NA
"pk442","med","summer","M",1,NA,NA,NA,NA
"pk443","med","summer","M",0,0,0,0,0
"pk444","med","summer","M",0,0,0,0,0
"pk445","med","summer","M",1,NA,NA,NA,NA
"pk446","med","summer","M",1,NA,NA,NA,NA
"pk447","med","summer","M",0,1,NA,NA,NA
"pk448","med","summer","M",1,NA,NA,NA,NA
"pk449","med","summer","M",0,0,0,0,0
"pk450","med","summer","M",0,0,0,0,0
"pk451","med","summer","M",1,NA,NA,NA,NA
"pk452","med","summer","M",0,0,0,0,0
"pk453","med","summer","M",1,NA,NA,NA,NA
"pk454","med","summer","M",1,NA,NA,NA,NA
"pk455","med","summer","M",0,1,NA,NA,NA
"pk456","med","summer","M",1,NA,NA,NA,NA
"pk457","med","summer","M",1,NA,NA,NA,NA
"pk458","med","summer","M",1,NA,NA,NA,NA
"pk459","med","summer","M",1,NA,NA,NA,NA
"pk460","med","summer","M",0,0,0,0,0
"pk461","med","fall","M",1,NA,NA,NA,NA
"pk462","med","fall","M",1,NA,NA,NA,NA
"pk463","med","fall","M",0,0,1,NA,NA
"pk464","med","fall","M",1,NA,NA,NA,NA
"pk465","med","fall","M",0,0,1,NA,NA
"pk466","med","fall","M",1,NA,NA,NA,NA
"pk467","med","fall","M",1,NA,NA,NA,NA
"pk468","med","fall","M",0,0,0,0,0
"pk469","med","fall","M",0,0,0,0,0
"pk470","med","fall","M",0,0,0,0,0
"pk471","med","fall","M",0,0,0,1,NA
"pk472","med","fall","M",1,NA,NA,NA,NA
"pk473","med","fall","M",1,NA,NA,NA,NA
"pk474","med","fall","M",0,0,0,0,0
"pk475","med","fall","M",1,NA,NA,NA,NA
"pk476","med","fall","M",0,1,NA,NA,NA
"pk477","med","fall","M",0,1,NA,NA,NA
"pk478","med","fall","M",1,NA,NA,NA,NA
"pk479","med","fall","M",1,NA,NA,NA,NA
"pk480","med","fall","M",0,1,NA,NA,NA
"pk481","med","spring","D",1,NA,NA,NA,NA
"pk482","med","spring","D",0,0,0,0,0
"pk483","med","spring","D",0,0,0,1,NA
"pk484","med","spring","D",0,0,0,0,0
"pk485","med","spring","D",0,0,0,0,0
"pk486","med","spring","D",1,NA,NA,NA,NA
"pk487","med","spring","D",0,1,NA,NA,NA
"pk488","med","spring","D",0,0,1,NA,NA
"pk489","med","spring","D",0,0,0,0,0
"pk490","med","spring","D",0,0,0,0,0
"pk491","med","spring","D",0,0,0,0,0
"pk492","med","spring","D",1,NA,NA,NA,NA
"pk493","med","spring","D",1,NA,NA,NA,NA
"pk494","med","spring","D",0,0,0,0,0
"pk495","med","spring","D",0,0,0,0,1
"pk496","med","spring","D",0,1,NA,NA,NA
"pk497","med","spring","D",0,0,0,0,0
"pk498","med","spring","D",0,0,0,0,0
"pk499","med","spring","D",1,NA,NA,NA,NA
"pk500","med","spring","D",0,0,0,0,0
"pk501","med","summer","D",0,0,0,0,0
"pk502","med","summer","D",0,0,0,0,0
"pk503","med","summer","D",1,NA,NA,NA,NA
"pk504","med","summer","D",0,0,0,1,NA
"pk505","med","summer","D",0,0,0,0,0
"pk506","med","summer","D",0,0,0,0,0
"pk507","med","summer","D",0,0,0,0,0
"pk508","med","summer","D",0,0,0,0,0
"pk509","med","summer","D",0,0,0,0,0
"pk510","med","summer","D",0,0,0,0,0
"pk511","med","summer","D",1,NA,NA,NA,NA
"pk512","med","summer","D",1,NA,NA,NA,NA
"pk513","med","summer","D",0,0,0,0,0
"pk514","med","summer","D",0,0,0,0,0
"pk515","med","summer","D",1,NA,NA,NA,NA
"pk516","med","summer","D",0,0,1,NA,NA
"pk517","med","summer","D",0,0,0,0,0
"pk518","med","summer","D",0,0,0,1,NA
"pk519","med","summer","D",1,NA,NA,NA,NA
"pk520","med","summer","D",0,0,0,0,0
"pk521","med","fall","D",0,0,0,0,0
"pk522","med","fall","D",0,0,0,0,0
"pk523","med","fall","D",0,0,0,0,0
"pk524","med","fall","D",0,0,0,0,0
"pk525","med","fall","D",0,0,0,0,0
"pk526","med","fall","D",1,NA,NA,NA,NA
"pk527","med","fall","D",0,0,0,0,0
"pk528","med","fall","D",0,0,0,0,1
"pk529","med","fall","D",0,0,1,NA,NA
"pk530","med","fall","D",0,1,NA,NA,NA
"pk531","med","fall","D",0,0,0,0,0
"pk532","med","fall","D",1,NA,NA,NA,NA
"pk533","med","fall","D",0,1,NA,NA,NA
"pk534","med","fall","D",0,0,0,0,0
"pk535","med","fall","D",0,0,0,0,0
"pk536","med","fall","D",0,0,0,0,0
"pk537","med","fall","D",1,NA,NA,NA,NA
"pk538","med","fall","D",0,0,0,0,0
"pk539","med","fall","D",1,NA,NA,NA,NA
"pk540","med","fall","D",0,0,0,0,0
"pk541","lrg","spring","RP",1,NA,NA,NA,NA
"pk542","lrg","spring","RP",1,NA,NA,NA,NA
"pk543","lrg","spring","RP",1,NA,NA,NA,NA
"pk544","lrg","spring","RP",1,NA,NA,NA,NA
"pk545","lrg","spring","RP",1,NA,NA,NA,NA
"pk546","lrg","spring","RP",1,NA,NA,NA,NA
"pk547","lrg","spring","RP",1,NA,NA,NA,NA
"pk548","lrg","spring","RP",1,NA,NA,NA,NA
"pk549","lrg","spring","RP",1,NA,NA,NA,NA
"pk550","lrg","spring","RP",1,NA,NA,NA,NA
"pk551","lrg","spring","RP",1,NA,NA,NA,NA
"pk552","lrg","spring","RP",1,NA,NA,NA,NA
"pk553","lrg","spring","RP",1,NA,NA,NA,NA
"pk554","lrg","spring","RP",1,NA,NA,NA,NA
"pk555","lrg","spring","RP",0,1,NA,NA,NA
"pk556","lrg","spring","RP",1,NA,NA,NA,NA
"pk557","lrg","spring","RP",1,NA,NA,NA,NA
"pk558","lrg","spring","RP",0,1,NA,NA,NA
"pk559","lrg","spring","RP",1,NA,NA,NA,NA
"pk560","lrg","spring","RP",1,NA,NA,NA,NA
"pk561","lrg","summer","RP",1,NA,NA,NA,NA
"pk562","lrg","summer","RP",1,NA,NA,NA,NA
"pk563","lrg","summer","RP",1,NA,NA,NA,NA
"pk564","lrg","summer","RP",1,NA,NA,NA,NA
"pk565","lrg","summer","RP",1,NA,NA,NA,NA
"pk566","lrg","summer","RP",1,NA,NA,NA,NA
"pk567","lrg","summer","RP",1,NA,NA,NA,NA
"pk568","lrg","summer","RP",1,NA,NA,NA,NA
"pk569","lrg","summer","RP",1,NA,NA,NA,NA
"pk570","lrg","summer","RP",1,NA,NA,NA,NA
"pk571","lrg","summer","RP",1,NA,NA,NA,NA
"pk572","lrg","summer","RP",1,NA,NA,NA,NA
"pk573","lrg","summer","RP",1,NA,NA,NA,NA
"pk574","lrg","summer","RP",1,NA,NA,NA,NA
"pk575","lrg","summer","RP",1,NA,NA,NA,NA
"pk576","lrg","summer","RP",1,NA,NA,NA,NA
"pk577","lrg","summer","RP",1,NA,NA,NA,NA
"pk578","lrg","summer","RP",1,NA,NA,NA,NA
"pk579","lrg","summer","RP",1,NA,NA,NA,NA
"pk580","lrg","summer","RP",1,NA,NA,NA,NA
"pk581","lrg","fall","RP",1,NA,NA,NA,NA
"pk582","lrg","fall","RP",1,NA,NA,NA,NA
"pk583","lrg","fall","RP",1,NA,NA,NA,NA
"pk584","lrg","fall","RP",1,NA,NA,NA,NA
"pk585","lrg","fall","RP",1,NA,NA,NA,NA
"pk586","lrg","fall","RP",1,NA,NA,NA,NA
"pk587","lrg","fall","RP",1,NA,NA,NA,NA
"pk588","lrg","fall","RP",1,NA,NA,NA,NA
"pk589","lrg","fall","RP",1,NA,NA,NA,NA
"pk590","lrg","fall","RP",1,NA,NA,NA,NA
"pk591","lrg","fall","RP",1,NA,NA,NA,NA
"pk592","lrg","fall","RP",1,NA,NA,NA,NA
"pk593","lrg","fall","RP",1,NA,NA,NA,NA
"pk594","lrg","fall","RP",1,NA,NA,NA,NA
"pk595","lrg","fall","RP",1,NA,NA,NA,NA
"pk596","lrg","fall","RP",1,NA,NA,NA,NA
"pk597","lrg","fall","RP",1,NA,NA,NA,NA
"pk598","lrg","fall","RP",1,NA,NA,NA,NA
"pk599","lrg","fall","RP",1,NA,NA,NA,NA
"pk600","lrg","fall","RP",1,NA,NA,NA,NA
"pk601","lrg","spring","M",1,NA,NA,NA,NA
"pk602","lrg","spring","M",1,NA,NA,NA,NA
"pk603","lrg","spring","M",0,1,NA,NA,NA
"pk604","lrg","spring","M",1,NA,NA,NA,NA
"pk605","lrg","spring","M",1,NA,NA,NA,NA
"pk606","lrg","spring","M",1,NA,NA,NA,NA
"pk607","lrg","spring","M",1,NA,NA,NA,NA
"pk608","lrg","spring","M",1,NA,NA,NA,NA
"pk609","lrg","spring","M",1,NA,NA,NA,NA
"pk610","lrg","spring","M",0,1,NA,NA,NA
"pk611","lrg","spring","M",0,1,NA,NA,NA
"pk612","lrg","spring","M",1,NA,NA,NA,NA
"pk613","lrg","spring","M",1,NA,NA,NA,NA
"pk614","lrg","spring","M",1,NA,NA,NA,NA
"pk615","lrg","spring","M",1,NA,NA,NA,NA
"pk616","lrg","spring","M",0,1,NA,NA,NA
"pk617","lrg","spring","M",1,NA,NA,NA,NA
"pk618","lrg","spring","M",1,NA,NA,NA,NA
"pk619","lrg","spring","M",1,NA,NA,NA,NA
"pk620","lrg","spring","M",1,NA,NA,NA,NA
"pk621","lrg","summer","M",0,1,NA,NA,NA
"pk622","lrg","summer","M",1,NA,NA,NA,NA
"pk623","lrg","summer","M",1,NA,NA,NA,NA
"pk624","lrg","summer","M",1,NA,NA,NA,NA
"pk625","lrg","summer","M",1,NA,NA,NA,NA
"pk626","lrg","summer","M",1,NA,NA,NA,NA
"pk627","lrg","summer","M",0,0,1,NA,NA
"pk628","lrg","summer","M",0,0,0,0,1
"pk629","lrg","summer","M",0,1,NA,NA,NA
"pk630","lrg","summer","M",0,0,1,NA,NA
"pk631","lrg","summer","M",1,NA,NA,NA,NA
"pk632","lrg","summer","M",1,NA,NA,NA,NA
"pk633","lrg","summer","M",1,NA,NA,NA,NA
"pk634","lrg","summer","M",1,NA,NA,NA,NA
"pk635","lrg","summer","M",0,1,NA,NA,NA
"pk636","lrg","summer","M",1,NA,NA,NA,NA
"pk637","lrg","summer","M",1,NA,NA,NA,NA
"pk638","lrg","summer","M",1,NA,NA,NA,NA
"pk639","lrg","summer","M",0,0,0,0,0
"pk640","lrg","summer","M",0,1,NA,NA,NA
"pk641","lrg","fall","M",1,NA,NA,NA,NA
"pk642","lrg","fall","M",1,NA,NA,NA,NA
"pk643","lrg","fall","M",1,NA,NA,NA,NA
"pk644","lrg","fall","M",1,NA,NA,NA,NA
"pk645","lrg","fall","M",1,NA,NA,NA,NA
"pk646","lrg","fall","M",0,1,NA,NA,NA
"pk647","lrg","fall","M",1,NA,NA,NA,NA
"pk648","lrg","fall","M",1,NA,NA,NA,NA
"pk649","lrg","fall","M",1,NA,NA,NA,NA
"pk650","lrg","fall","M",1,NA,NA,NA,NA
"pk651","lrg","fall","M",1,NA,NA,NA,NA
"pk652","lrg","fall","M",1,NA,NA,NA,NA
"pk653","lrg","fall","M",1,NA,NA,NA,NA
"pk654","lrg","fall","M",0,1,NA,NA,NA
"pk655","lrg","fall","M",0,0,1,NA,NA
"pk656","lrg","fall","M",0,0,1,NA,NA
"pk657","lrg","fall","M",1,NA,NA,NA,NA
"pk658","lrg","fall","M",0,1,NA,NA,NA
"pk659","lrg","fall","M",1,NA,NA,NA,NA
"pk660","lrg","fall","M",1,NA,NA,NA,NA
"pk661","lrg","spring","D",0,0,0,0,0
"pk662","lrg","spring","D",1,NA,NA,NA,NA
"pk663","lrg","spring","D",1,NA,NA,NA,NA
"pk664","lrg","spring","D",0,0,0,0,0
"pk665","lrg","spring","D",1,NA,NA,NA,NA
"pk666","lrg","spring","D",1,NA,NA,NA,NA
"pk667","lrg","spring","D",0,0,1,NA,NA
"pk668","lrg","spring","D",0,1,NA,NA,NA
"pk669","lrg","spring","D",1,NA,NA,NA,NA
"pk670","lrg","spring","D",1,NA,NA,NA,NA
"pk671","lrg","spring","D",1,NA,NA,NA,NA
"pk672","lrg","spring","D",1,NA,NA,NA,NA
"pk673","lrg","spring","D",1,NA,NA,NA,NA
"pk674","lrg","spring","D",1,NA,NA,NA,NA
"pk675","lrg","spring","D",0,0,0,0,0
"pk676","lrg","spring","D",1,NA,NA,NA,NA
"pk677","lrg","spring","D",1,NA,NA,NA,NA
"pk678","lrg","spring","D",0,0,0,0,0
"pk679","lrg","spring","D",1,NA,NA,NA,NA
"pk680","lrg","spring","D",1,NA,NA,NA,NA
"pk681","lrg","summer","D",1,NA,NA,NA,NA
"pk682","lrg","summer","D",0,0,0,0,1
"pk683","lrg","summer","D",0,0,0,0,0
"pk684","lrg","summer","D",1,NA,NA,NA,NA
"pk685","lrg","summer","D",0,0,0,0,0
"pk686","lrg","summer","D",1,NA,NA,NA,NA
"pk687","lrg","summer","D",1,NA,NA,NA,NA
"pk688","lrg","summer","D",0,1,NA,NA,NA
"pk689","lrg","summer","D",0,0,1,NA,NA
"pk690","lrg","summer","D",0,0,0,0,1
"pk691","lrg","summer","D",0,0,0,0,0
"pk692","lrg","summer","D",0,0,0,0,0
"pk693","lrg","summer","D",0,1,NA,NA,NA
"pk694","lrg","summer","D",1,NA,NA,NA,NA
"pk695","lrg","summer","D",1,NA,NA,NA,NA
"pk696","lrg","summer","D",1,NA,NA,NA,NA
"pk697","lrg","summer","D",1,NA,NA,NA,NA
"pk698","lrg","summer","D",1,NA,NA,NA,NA
"pk699","lrg","summer","D",0,0,0,0,0
"pk700","lrg","summer","D",1,NA,NA,NA,NA
"pk701","lrg","fall","D",1,NA,NA,NA,NA
"pk702","lrg","fall","D",1,NA,NA,NA,NA
"pk703","lrg","fall","D",0,1,NA,NA,NA
"pk704","lrg","fall","D",0,1,NA,NA,NA
"pk705","lrg","fall","D",0,0,0,1,NA
"pk706","lrg","fall","D",0,0,0,0,0
"pk707","lrg","fall","D",1,NA,NA,NA,NA
"pk708","lrg","fall","D",0,1,NA,NA,NA
"pk709","lrg","fall","D",1,NA,NA,NA,NA
"pk710","lrg","fall","D",0,0,0,0,0
"pk711","lrg","fall","D",1,NA,NA,NA,NA
"pk712","lrg","fall","D",1,NA,NA,NA,NA
"pk713","lrg","fall","D",0,0,0,0,0
"pk714","lrg","fall","D",0,1,NA,NA,NA
"pk715","lrg","fall","D",1,NA,NA,NA,NA
"pk716","lrg","fall","D",1,NA,NA,NA,NA
"pk717","lrg","fall","D",1,NA,NA,NA,NA
"pk718","lrg","fall","D",1,NA,NA,NA,NA
"pk719","lrg","fall","D",1,NA,NA,NA,NA
"pk720","lrg","fall","D",1,NA,NA,NA,NA
