"pkID","Size","Season","Visibility","s1","s2","s3","s4","s5"
"pk1","bat","spring","RP",0,NA,NA,NA,NA
"pk2","bat","spring","RP",1,NA,NA,NA,NA
"pk3","bat","spring","RP",0,1,NA,NA,NA
"pk4","bat","spring","RP",1,NA,NA,NA,NA
"pk5","bat","spring","RP",1,NA,NA,NA,NA
"pk6","bat","spring","RP",1,NA,NA,NA,NA
"pk7","bat","spring","RP",1,NA,NA,NA,NA
"pk8","bat","spring","RP",1,NA,NA,NA,NA
"pk9","bat","spring","RP",1,NA,NA,NA,NA
"pk10","bat","spring","RP",1,NA,NA,NA,NA
"pk11","bat","spring","RP",1,NA,NA,NA,NA
"pk12","bat","spring","RP",1,NA,NA,NA,NA
"pk13","bat","spring","RP",1,NA,NA,NA,NA
"pk14","bat","spring","RP",1,NA,NA,NA,NA
"pk15","bat","spring","RP",0,NA,NA,NA,NA
"pk16","bat","spring","RP",1,NA,NA,NA,NA
"pk17","bat","spring","RP",1,NA,NA,NA,NA
"pk18","bat","spring","RP",1,NA,NA,NA,NA
"pk19","bat","spring","RP",0,NA,NA,NA,NA
"pk20","bat","spring","RP",1,NA,NA,NA,NA
"pk21","bat","summer","RP",1,NA,NA,NA,NA
"pk22","bat","summer","RP",1,NA,NA,NA,NA
"pk23","bat","summer","RP",0,NA,NA,NA,NA
"pk24","bat","summer","RP",1,NA,NA,NA,NA
"pk25","bat","summer","RP",1,NA,NA,NA,NA
"pk26","bat","summer","RP",1,NA,NA,NA,NA
"pk27","bat","summer","RP",1,NA,NA,NA,NA
"pk28","bat","summer","RP",1,NA,NA,NA,NA
"pk29","bat","summer","RP",0,0,NA,NA,NA
"pk30","bat","summer","RP",1,NA,NA,NA,NA
"pk31","bat","summer","RP",1,NA,NA,NA,NA
"pk32","bat","summer","RP",1,NA,NA,NA,NA
"pk33","bat","summer","RP",1,NA,NA,NA,NA
"pk34","bat","summer","RP",1,NA,NA,NA,NA
"pk35","bat","summer","RP",0,NA,NA,NA,NA
"pk36","bat","summer","RP",1,NA,NA,NA,NA
"pk37","bat","summer","RP",1,NA,NA,NA,NA
"pk38","bat","summer","RP",1,NA,NA,NA,NA
"pk39","bat","summer","RP",1,NA,NA,NA,NA
"pk40","bat","summer","RP",1,NA,NA,NA,NA
"pk41","bat","fall","RP",1,NA,NA,NA,NA
"pk42","bat","fall","RP",1,NA,NA,NA,NA
"pk43","bat","fall","RP",1,NA,NA,NA,NA
"pk44","bat","fall","RP",1,NA,NA,NA,NA
"pk45","bat","fall","RP",1,NA,NA,NA,NA
"pk46","bat","fall","RP",1,NA,NA,NA,NA
"pk47","bat","fall","RP",1,NA,NA,NA,NA
"pk48","bat","fall","RP",0,NA,NA,NA,NA
"pk49","bat","fall","RP",1,NA,NA,NA,NA
"pk50","bat","fall","RP",0,0,1,NA,NA
"pk51","bat","fall","RP",0,0,NA,NA,NA
"pk52","bat","fall","RP",1,NA,NA,NA,NA
"pk53","bat","fall","RP",1,NA,NA,NA,NA
"pk54","bat","fall","RP",0,NA,NA,NA,NA
"pk55","bat","fall","RP",0,NA,NA,NA,NA
"pk56","bat","fall","RP",1,NA,NA,NA,NA
"pk57","bat","fall","RP",1,NA,NA,NA,NA
"pk58","bat","fall","RP",1,NA,NA,NA,NA
"pk59","bat","fall","RP",1,NA,NA,NA,NA
"pk60","bat","fall","RP",1,NA,NA,NA,NA
"pk61","bat","spring","M",0,NA,NA,NA,NA
"pk62","bat","spring","M",0,NA,NA,NA,NA
"pk63","bat","spring","M",0,0,NA,NA,NA
"pk64","bat","spring","M",1,NA,NA,NA,NA
"pk65","bat","spring","M",1,NA,NA,NA,NA
"pk66","bat","spring","M",1,NA,NA,NA,NA
"pk67","bat","spring","M",0,0,0,NA,NA
"pk68","bat","spring","M",0,0,0,0,0
"pk69","bat","spring","M",1,NA,NA,NA,NA
"pk70","bat","spring","M",0,NA,NA,NA,NA
"pk71","bat","spring","M",1,NA,NA,NA,NA
"pk72","bat","spring","M",0,0,0,0,0
"pk73","bat","spring","M",1,NA,NA,NA,NA
"pk74","bat","spring","M",0,1,NA,NA,NA
"pk75","bat","spring","M",0,1,NA,NA,NA
"pk76","bat","spring","M",0,NA,NA,NA,NA
"pk77","bat","spring","M",1,NA,NA,NA,NA
"pk78","bat","spring","M",1,NA,NA,NA,NA
"pk79","bat","spring","M",1,NA,NA,NA,NA
"pk80","bat","spring","M",0,NA,NA,NA,NA
"pk81","bat","summer","M",0,0,0,0,0
"pk82","bat","summer","M",1,NA,NA,NA,NA
"pk83","bat","summer","M",0,0,NA,NA,NA
"pk84","bat","summer","M",0,NA,NA,NA,NA
"pk85","bat","summer","M",0,0,1,NA,NA
"pk86","bat","summer","M",0,1,NA,NA,NA
"pk87","bat","summer","M",1,NA,NA,NA,NA
"pk88","bat","summer","M",1,NA,NA,NA,NA
"pk89","bat","summer","M",1,NA,NA,NA,NA
"pk90","bat","summer","M",1,NA,NA,NA,NA
"pk91","bat","summer","M",0,NA,NA,NA,NA
"pk92","bat","summer","M",0,NA,NA,NA,NA
"pk93","bat","summer","M",0,NA,NA,NA,NA
"pk94","bat","summer","M",0,NA,NA,NA,NA
"pk95","bat","summer","M",1,NA,NA,NA,NA
"pk96","bat","summer","M",0,NA,NA,NA,NA
"pk97","bat","summer","M",0,NA,NA,NA,NA
"pk98","bat","summer","M",0,0,0,NA,NA
"pk99","bat","summer","M",0,NA,NA,NA,NA
"pk100","bat","summer","M",1,NA,NA,NA,NA
"pk101","bat","fall","M",1,NA,NA,NA,NA
"pk102","bat","fall","M",1,NA,NA,NA,NA
"pk103","bat","fall","M",1,NA,NA,NA,NA
"pk104","bat","fall","M",1,NA,NA,NA,NA
"pk105","bat","fall","M",1,NA,NA,NA,NA
"pk106","bat","fall","M",1,NA,NA,NA,NA
"pk107","bat","fall","M",1,NA,NA,NA,NA
"pk108","bat","fall","M",1,NA,NA,NA,NA
"pk109","bat","fall","M",1,NA,NA,NA,NA
"pk110","bat","fall","M",1,NA,NA,NA,NA
"pk111","bat","fall","M",1,NA,NA,NA,NA
"pk112","bat","fall","M",0,0,0,0,0
"pk113","bat","fall","M",1,NA,NA,NA,NA
"pk114","bat","fall","M",1,NA,NA,NA,NA
"pk115","bat","fall","M",1,NA,NA,NA,NA
"pk116","bat","fall","M",0,0,NA,NA,NA
"pk117","bat","fall","M",1,NA,NA,NA,NA
"pk118","bat","fall","M",1,NA,NA,NA,NA
"pk119","bat","fall","M",1,NA,NA,NA,NA
"pk120","bat","fall","M",1,NA,NA,NA,NA
"pk121","bat","spring","D",0,0,0,0,0
"pk122","bat","spring","D",0,NA,NA,NA,NA
"pk123","bat","spring","D",0,0,0,NA,NA
"pk124","bat","spring","D",0,NA,NA,NA,NA
"pk125","bat","spring","D",1,NA,NA,NA,NA
"pk126","bat","spring","D",1,NA,NA,NA,NA
"pk127","bat","spring","D",0,NA,NA,NA,NA
"pk128","bat","spring","D",0,0,0,NA,NA
"pk129","bat","spring","D",0,1,NA,NA,NA
"pk130","bat","spring","D",1,NA,NA,NA,NA
"pk131","bat","spring","D",0,0,NA,NA,NA
"pk132","bat","spring","D",0,1,NA,NA,NA
"pk133","bat","spring","D",0,NA,NA,NA,NA
"pk134","bat","spring","D",0,0,0,NA,NA
"pk135","bat","spring","D",0,0,NA,NA,NA
"pk136","bat","spring","D",0,0,NA,NA,NA
"pk137","bat","spring","D",0,NA,NA,NA,NA
"pk138","bat","spring","D",0,0,0,0,0
"pk139","bat","spring","D",0,0,1,NA,NA
"pk140","bat","spring","D",0,NA,NA,NA,NA
"pk141","bat","summer","D",0,0,0,NA,NA
"pk142","bat","summer","D",0,1,NA,NA,NA
"pk143","bat","summer","D",0,NA,NA,NA,NA
"pk144","bat","summer","D",1,NA,NA,NA,NA
"pk145","bat","summer","D",0,0,0,NA,NA
"pk146","bat","summer","D",0,0,0,0,NA
"pk147","bat","summer","D",0,NA,NA,NA,NA
"pk148","bat","summer","D",0,0,0,0,NA
"pk149","bat","summer","D",1,NA,NA,NA,NA
"pk150","bat","summer","D",0,1,NA,NA,NA
"pk151","bat","summer","D",0,NA,NA,NA,NA
"pk152","bat","summer","D",0,NA,NA,NA,NA
"pk153","bat","summer","D",0,NA,NA,NA,NA
"pk154","bat","summer","D",1,NA,NA,NA,NA
"pk155","bat","summer","D",0,0,0,NA,NA
"pk156","bat","summer","D",0,1,NA,NA,NA
"pk157","bat","summer","D",1,NA,NA,NA,NA
"pk158","bat","summer","D",0,NA,NA,NA,NA
"pk159","bat","summer","D",0,0,1,NA,NA
"pk160","bat","summer","D",0,0,NA,NA,NA
"pk161","bat","fall","D",0,NA,NA,NA,NA
"pk162","bat","fall","D",0,NA,NA,NA,NA
"pk163","bat","fall","D",1,NA,NA,NA,NA
"pk164","bat","fall","D",0,0,0,0,NA
"pk165","bat","fall","D",0,NA,NA,NA,NA
"pk166","bat","fall","D",0,NA,NA,NA,NA
"pk167","bat","fall","D",0,1,NA,NA,NA
"pk168","bat","fall","D",0,0,0,0,0
"pk169","bat","fall","D",0,0,0,NA,NA
"pk170","bat","fall","D",0,1,NA,NA,NA
"pk171","bat","fall","D",0,NA,NA,NA,NA
"pk172","bat","fall","D",1,NA,NA,NA,NA
"pk173","bat","fall","D",0,0,0,0,0
"pk174","bat","fall","D",1,NA,NA,NA,NA
"pk175","bat","fall","D",0,NA,NA,NA,NA
"pk176","bat","fall","D",1,NA,NA,NA,NA
"pk177","bat","fall","D",0,NA,NA,NA,NA
"pk178","bat","fall","D",0,0,NA,NA,NA
"pk179","bat","fall","D",0,0,0,0,0
"pk180","bat","fall","D",0,NA,NA,NA,NA
"pk181","lrg","spring","RP",1,NA,NA,NA,NA
"pk182","lrg","spring","RP",1,NA,NA,NA,NA
"pk183","lrg","spring","RP",1,NA,NA,NA,NA
"pk184","lrg","spring","RP",1,NA,NA,NA,NA
"pk185","lrg","spring","RP",1,NA,NA,NA,NA
"pk186","lrg","spring","RP",1,NA,NA,NA,NA
"pk187","lrg","spring","RP",1,NA,NA,NA,NA
"pk188","lrg","spring","RP",1,NA,NA,NA,NA
"pk189","lrg","spring","RP",1,NA,NA,NA,NA
"pk190","lrg","spring","RP",1,NA,NA,NA,NA
"pk191","lrg","spring","RP",1,NA,NA,NA,NA
"pk192","lrg","spring","RP",1,NA,NA,NA,NA
"pk193","lrg","spring","RP",1,NA,NA,NA,NA
"pk194","lrg","spring","RP",1,NA,NA,NA,NA
"pk195","lrg","spring","RP",1,NA,NA,NA,NA
"pk196","lrg","spring","RP",1,NA,NA,NA,NA
"pk197","lrg","spring","RP",1,NA,NA,NA,NA
"pk198","lrg","spring","RP",0,0,NA,NA,NA
"pk199","lrg","spring","RP",1,NA,NA,NA,NA
"pk200","lrg","spring","RP",1,NA,NA,NA,NA
"pk201","lrg","summer","RP",1,NA,NA,NA,NA
"pk202","lrg","summer","RP",1,NA,NA,NA,NA
"pk203","lrg","summer","RP",1,NA,NA,NA,NA
"pk204","lrg","summer","RP",1,NA,NA,NA,NA
"pk205","lrg","summer","RP",1,NA,NA,NA,NA
"pk206","lrg","summer","RP",0,0,NA,NA,NA
"pk207","lrg","summer","RP",1,NA,NA,NA,NA
"pk208","lrg","summer","RP",1,NA,NA,NA,NA
"pk209","lrg","summer","RP",1,NA,NA,NA,NA
"pk210","lrg","summer","RP",1,NA,NA,NA,NA
"pk211","lrg","summer","RP",1,NA,NA,NA,NA
"pk212","lrg","summer","RP",1,NA,NA,NA,NA
"pk213","lrg","summer","RP",0,NA,NA,NA,NA
"pk214","lrg","summer","RP",1,NA,NA,NA,NA
"pk215","lrg","summer","RP",1,NA,NA,NA,NA
"pk216","lrg","summer","RP",0,1,NA,NA,NA
"pk217","lrg","summer","RP",1,NA,NA,NA,NA
"pk218","lrg","summer","RP",1,NA,NA,NA,NA
"pk219","lrg","summer","RP",1,NA,NA,NA,NA
"pk220","lrg","summer","RP",1,NA,NA,NA,NA
"pk221","lrg","fall","RP",1,NA,NA,NA,NA
"pk222","lrg","fall","RP",1,NA,NA,NA,NA
"pk223","lrg","fall","RP",1,NA,NA,NA,NA
"pk224","lrg","fall","RP",1,NA,NA,NA,NA
"pk225","lrg","fall","RP",1,NA,NA,NA,NA
"pk226","lrg","fall","RP",1,NA,NA,NA,NA
"pk227","lrg","fall","RP",1,NA,NA,NA,NA
"pk228","lrg","fall","RP",1,NA,NA,NA,NA
"pk229","lrg","fall","RP",0,0,1,NA,NA
"pk230","lrg","fall","RP",1,NA,NA,NA,NA
"pk231","lrg","fall","RP",1,NA,NA,NA,NA
"pk232","lrg","fall","RP",0,0,0,0,0
"pk233","lrg","fall","RP",0,1,NA,NA,NA
"pk234","lrg","fall","RP",1,NA,NA,NA,NA
"pk235","lrg","fall","RP",1,NA,NA,NA,NA
"pk236","lrg","fall","RP",1,NA,NA,NA,NA
"pk237","lrg","fall","RP",1,NA,NA,NA,NA
"pk238","lrg","fall","RP",1,NA,NA,NA,NA
"pk239","lrg","fall","RP",1,NA,NA,NA,NA
"pk240","lrg","fall","RP",1,NA,NA,NA,NA
"pk241","lrg","spring","M",1,NA,NA,NA,NA
"pk242","lrg","spring","M",1,NA,NA,NA,NA
"pk243","lrg","spring","M",1,NA,NA,NA,NA
"pk244","lrg","spring","M",1,NA,NA,NA,NA
"pk245","lrg","spring","M",1,NA,NA,NA,NA
"pk246","lrg","spring","M",0,NA,NA,NA,NA
"pk247","lrg","spring","M",1,NA,NA,NA,NA
"pk248","lrg","spring","M",1,NA,NA,NA,NA
"pk249","lrg","spring","M",1,NA,NA,NA,NA
"pk250","lrg","spring","M",1,NA,NA,NA,NA
"pk251","lrg","spring","M",1,NA,NA,NA,NA
"pk252","lrg","spring","M",1,NA,NA,NA,NA
"pk253","lrg","spring","M",1,NA,NA,NA,NA
"pk254","lrg","spring","M",1,NA,NA,NA,NA
"pk255","lrg","spring","M",1,NA,NA,NA,NA
"pk256","lrg","spring","M",1,NA,NA,NA,NA
"pk257","lrg","spring","M",1,NA,NA,NA,NA
"pk258","lrg","spring","M",1,NA,NA,NA,NA
"pk259","lrg","spring","M",1,NA,NA,NA,NA
"pk260","lrg","spring","M",1,NA,NA,NA,NA
"pk261","lrg","summer","M",0,1,NA,NA,NA
"pk262","lrg","summer","M",1,NA,NA,NA,NA
"pk263","lrg","summer","M",1,NA,NA,NA,NA
"pk264","lrg","summer","M",1,NA,NA,NA,NA
"pk265","lrg","summer","M",1,NA,NA,NA,NA
"pk266","lrg","summer","M",1,NA,NA,NA,NA
"pk267","lrg","summer","M",1,NA,NA,NA,NA
"pk268","lrg","summer","M",1,NA,NA,NA,NA
"pk269","lrg","summer","M",1,NA,NA,NA,NA
"pk270","lrg","summer","M",1,NA,NA,NA,NA
"pk271","lrg","summer","M",1,NA,NA,NA,NA
"pk272","lrg","summer","M",0,NA,NA,NA,NA
"pk273","lrg","summer","M",1,NA,NA,NA,NA
"pk274","lrg","summer","M",1,NA,NA,NA,NA
"pk275","lrg","summer","M",1,NA,NA,NA,NA
"pk276","lrg","summer","M",1,NA,NA,NA,NA
"pk277","lrg","summer","M",0,NA,NA,NA,NA
"pk278","lrg","summer","M",1,NA,NA,NA,NA
"pk279","lrg","summer","M",0,NA,NA,NA,NA
"pk280","lrg","summer","M",1,NA,NA,NA,NA
"pk281","lrg","fall","M",1,NA,NA,NA,NA
"pk282","lrg","fall","M",1,NA,NA,NA,NA
"pk283","lrg","fall","M",1,NA,NA,NA,NA
"pk284","lrg","fall","M",1,NA,NA,NA,NA
"pk285","lrg","fall","M",1,NA,NA,NA,NA
"pk286","lrg","fall","M",1,NA,NA,NA,NA
"pk287","lrg","fall","M",1,NA,NA,NA,NA
"pk288","lrg","fall","M",1,NA,NA,NA,NA
"pk289","lrg","fall","M",0,1,NA,NA,NA
"pk290","lrg","fall","M",1,NA,NA,NA,NA
"pk291","lrg","fall","M",0,0,1,NA,NA
"pk292","lrg","fall","M",1,NA,NA,NA,NA
"pk293","lrg","fall","M",1,NA,NA,NA,NA
"pk294","lrg","fall","M",1,NA,NA,NA,NA
"pk295","lrg","fall","M",1,NA,NA,NA,NA
"pk296","lrg","fall","M",0,1,NA,NA,NA
"pk297","lrg","fall","M",0,1,NA,NA,NA
"pk298","lrg","fall","M",0,1,NA,NA,NA
"pk299","lrg","fall","M",1,NA,NA,NA,NA
"pk300","lrg","fall","M",1,NA,NA,NA,NA
"pk301","lrg","spring","D",1,NA,NA,NA,NA
"pk302","lrg","spring","D",1,NA,NA,NA,NA
"pk303","lrg","spring","D",0,1,NA,NA,NA
"pk304","lrg","spring","D",1,NA,NA,NA,NA
"pk305","lrg","spring","D",0,1,NA,NA,NA
"pk306","lrg","spring","D",0,0,NA,NA,NA
"pk307","lrg","spring","D",0,1,NA,NA,NA
"pk308","lrg","spring","D",1,NA,NA,NA,NA
"pk309","lrg","spring","D",1,NA,NA,NA,NA
"pk310","lrg","spring","D",1,NA,NA,NA,NA
"pk311","lrg","spring","D",1,NA,NA,NA,NA
"pk312","lrg","spring","D",1,NA,NA,NA,NA
"pk313","lrg","spring","D",0,0,0,0,0
"pk314","lrg","spring","D",0,1,NA,NA,NA
"pk315","lrg","spring","D",0,0,1,NA,NA
"pk316","lrg","spring","D",1,NA,NA,NA,NA
"pk317","lrg","spring","D",1,NA,NA,NA,NA
"pk318","lrg","spring","D",1,NA,NA,NA,NA
"pk319","lrg","spring","D",0,1,NA,NA,NA
"pk320","lrg","spring","D",0,1,NA,NA,NA
"pk321","lrg","summer","D",1,NA,NA,NA,NA
"pk322","lrg","summer","D",0,1,NA,NA,NA
"pk323","lrg","summer","D",0,1,NA,NA,NA
"pk324","lrg","summer","D",0,0,0,1,NA
"pk325","lrg","summer","D",1,NA,NA,NA,NA
"pk326","lrg","summer","D",1,NA,NA,NA,NA
"pk327","lrg","summer","D",1,NA,NA,NA,NA
"pk328","lrg","summer","D",0,0,0,1,NA
"pk329","lrg","summer","D",1,NA,NA,NA,NA
"pk330","lrg","summer","D",0,0,1,NA,NA
"pk331","lrg","summer","D",1,NA,NA,NA,NA
"pk332","lrg","summer","D",1,NA,NA,NA,NA
"pk333","lrg","summer","D",0,0,0,0,0
"pk334","lrg","summer","D",0,0,1,NA,NA
"pk335","lrg","summer","D",0,1,NA,NA,NA
"pk336","lrg","summer","D",1,NA,NA,NA,NA
"pk337","lrg","summer","D",1,NA,NA,NA,NA
"pk338","lrg","summer","D",1,NA,NA,NA,NA
"pk339","lrg","summer","D",1,NA,NA,NA,NA
"pk340","lrg","summer","D",0,NA,NA,NA,NA
"pk341","lrg","fall","D",1,NA,NA,NA,NA
"pk342","lrg","fall","D",1,NA,NA,NA,NA
"pk343","lrg","fall","D",1,NA,NA,NA,NA
"pk344","lrg","fall","D",1,NA,NA,NA,NA
"pk345","lrg","fall","D",0,0,1,NA,NA
"pk346","lrg","fall","D",0,NA,NA,NA,NA
"pk347","lrg","fall","D",1,NA,NA,NA,NA
"pk348","lrg","fall","D",1,NA,NA,NA,NA
"pk349","lrg","fall","D",0,1,NA,NA,NA
"pk350","lrg","fall","D",1,NA,NA,NA,NA
"pk351","lrg","fall","D",0,1,NA,NA,NA
"pk352","lrg","fall","D",1,NA,NA,NA,NA
"pk353","lrg","fall","D",0,0,1,NA,NA
"pk354","lrg","fall","D",1,NA,NA,NA,NA
"pk355","lrg","fall","D",0,0,0,1,NA
"pk356","lrg","fall","D",0,0,0,1,NA
"pk357","lrg","fall","D",0,1,NA,NA,NA
"pk358","lrg","fall","D",0,0,1,NA,NA
"pk359","lrg","fall","D",1,NA,NA,NA,NA
"pk360","lrg","fall","D",0,0,0,0,0
"pk361","med","spring","RP",1,NA,NA,NA,NA
"pk362","med","spring","RP",1,NA,NA,NA,NA
"pk363","med","spring","RP",1,NA,NA,NA,NA
"pk364","med","spring","RP",0,NA,NA,NA,NA
"pk365","med","spring","RP",1,NA,NA,NA,NA
"pk366","med","spring","RP",1,NA,NA,NA,NA
"pk367","med","spring","RP",1,NA,NA,NA,NA
"pk368","med","spring","RP",1,NA,NA,NA,NA
"pk369","med","spring","RP",1,NA,NA,NA,NA
"pk370","med","spring","RP",1,NA,NA,NA,NA
"pk371","med","spring","RP",1,NA,NA,NA,NA
"pk372","med","spring","RP",0,NA,NA,NA,NA
"pk373","med","spring","RP",1,NA,NA,NA,NA
"pk374","med","spring","RP",1,NA,NA,NA,NA
"pk375","med","spring","RP",1,NA,NA,NA,NA
"pk376","med","spring","RP",1,NA,NA,NA,NA
"pk377","med","spring","RP",1,NA,NA,NA,NA
"pk378","med","spring","RP",1,NA,NA,NA,NA
"pk379","med","spring","RP",0,0,NA,NA,NA
"pk380","med","spring","RP",1,NA,NA,NA,NA
"pk381","med","summer","RP",1,NA,NA,NA,NA
"pk382","med","summer","RP",1,NA,NA,NA,NA
"pk383","med","summer","RP",1,NA,NA,NA,NA
"pk384","med","summer","RP",1,NA,NA,NA,NA
"pk385","med","summer","RP",1,NA,NA,NA,NA
"pk386","med","summer","RP",1,NA,NA,NA,NA
"pk387","med","summer","RP",1,NA,NA,NA,NA
"pk388","med","summer","RP",1,NA,NA,NA,NA
"pk389","med","summer","RP",1,NA,NA,NA,NA
"pk390","med","summer","RP",0,NA,NA,NA,NA
"pk391","med","summer","RP",1,NA,NA,NA,NA
"pk392","med","summer","RP",0,1,NA,NA,NA
"pk393","med","summer","RP",1,NA,NA,NA,NA
"pk394","med","summer","RP",1,NA,NA,NA,NA
"pk395","med","summer","RP",1,NA,NA,NA,NA
"pk396","med","summer","RP",1,NA,NA,NA,NA
"pk397","med","summer","RP",1,NA,NA,NA,NA
"pk398","med","summer","RP",0,NA,NA,NA,NA
"pk399","med","summer","RP",1,NA,NA,NA,NA
"pk400","med","summer","RP",1,NA,NA,NA,NA
"pk401","med","fall","RP",1,NA,NA,NA,NA
"pk402","med","fall","RP",1,NA,NA,NA,NA
"pk403","med","fall","RP",1,NA,NA,NA,NA
"pk404","med","fall","RP",1,NA,NA,NA,NA
"pk405","med","fall","RP",0,NA,NA,NA,NA
"pk406","med","fall","RP",1,NA,NA,NA,NA
"pk407","med","fall","RP",1,NA,NA,NA,NA
"pk408","med","fall","RP",1,NA,NA,NA,NA
"pk409","med","fall","RP",1,NA,NA,NA,NA
"pk410","med","fall","RP",0,0,0,NA,NA
"pk411","med","fall","RP",1,NA,NA,NA,NA
"pk412","med","fall","RP",1,NA,NA,NA,NA
"pk413","med","fall","RP",1,NA,NA,NA,NA
"pk414","med","fall","RP",1,NA,NA,NA,NA
"pk415","med","fall","RP",1,NA,NA,NA,NA
"pk416","med","fall","RP",1,NA,NA,NA,NA
"pk417","med","fall","RP",1,NA,NA,NA,NA
"pk418","med","fall","RP",1,NA,NA,NA,NA
"pk419","med","fall","RP",1,NA,NA,NA,NA
"pk420","med","fall","RP",1,NA,NA,NA,NA
"pk421","med","spring","M",0,1,NA,NA,NA
"pk422","med","spring","M",1,NA,NA,NA,NA
"pk423","med","spring","M",1,NA,NA,NA,NA
"pk424","med","spring","M",1,NA,NA,NA,NA
"pk425","med","spring","M",1,NA,NA,NA,NA
"pk426","med","spring","M",0,0,0,0,NA
"pk427","med","spring","M",1,NA,NA,NA,NA
"pk428","med","spring","M",1,NA,NA,NA,NA
"pk429","med","spring","M",0,0,NA,NA,NA
"pk430","med","spring","M",0,NA,NA,NA,NA
"pk431","med","spring","M",1,NA,NA,NA,NA
"pk432","med","spring","M",1,NA,NA,NA,NA
"pk433","med","spring","M",0,NA,NA,NA,NA
"pk434","med","spring","M",1,NA,NA,NA,NA
"pk435","med","spring","M",1,NA,NA,NA,NA
"pk436","med","spring","M",1,NA,NA,NA,NA
"pk437","med","spring","M",1,NA,NA,NA,NA
"pk438","med","spring","M",1,NA,NA,NA,NA
"pk439","med","spring","M",1,NA,NA,NA,NA
"pk440","med","spring","M",0,NA,NA,NA,NA
"pk441","med","summer","M",1,NA,NA,NA,NA
"pk442","med","summer","M",1,NA,NA,NA,NA
"pk443","med","summer","M",0,0,0,0,1
"pk444","med","summer","M",0,0,0,NA,NA
"pk445","med","summer","M",0,NA,NA,NA,NA
"pk446","med","summer","M",0,0,NA,NA,NA
"pk447","med","summer","M",1,NA,NA,NA,NA
"pk448","med","summer","M",1,NA,NA,NA,NA
"pk449","med","summer","M",0,NA,NA,NA,NA
"pk450","med","summer","M",0,0,1,NA,NA
"pk451","med","summer","M",0,1,NA,NA,NA
"pk452","med","summer","M",1,NA,NA,NA,NA
"pk453","med","summer","M",0,NA,NA,NA,NA
"pk454","med","summer","M",1,NA,NA,NA,NA
"pk455","med","summer","M",0,0,NA,NA,NA
"pk456","med","summer","M",0,0,NA,NA,NA
"pk457","med","summer","M",1,NA,NA,NA,NA
"pk458","med","summer","M",0,NA,NA,NA,NA
"pk459","med","summer","M",1,NA,NA,NA,NA
"pk460","med","summer","M",1,NA,NA,NA,NA
"pk461","med","fall","M",1,NA,NA,NA,NA
"pk462","med","fall","M",1,NA,NA,NA,NA
"pk463","med","fall","M",1,NA,NA,NA,NA
"pk464","med","fall","M",1,NA,NA,NA,NA
"pk465","med","fall","M",0,0,0,1,NA
"pk466","med","fall","M",1,NA,NA,NA,NA
"pk467","med","fall","M",0,NA,NA,NA,NA
"pk468","med","fall","M",0,0,0,1,NA
"pk469","med","fall","M",0,NA,NA,NA,NA
"pk470","med","fall","M",0,0,0,0,1
"pk471","med","fall","M",0,NA,NA,NA,NA
"pk472","med","fall","M",1,NA,NA,NA,NA
"pk473","med","fall","M",1,NA,NA,NA,NA
"pk474","med","fall","M",1,NA,NA,NA,NA
"pk475","med","fall","M",1,NA,NA,NA,NA
"pk476","med","fall","M",1,NA,NA,NA,NA
"pk477","med","fall","M",0,0,1,NA,NA
"pk478","med","fall","M",1,NA,NA,NA,NA
"pk479","med","fall","M",0,NA,NA,NA,NA
"pk480","med","fall","M",0,0,0,1,NA
"pk481","med","spring","D",0,NA,NA,NA,NA
"pk482","med","spring","D",0,NA,NA,NA,NA
"pk483","med","spring","D",0,0,0,0,NA
"pk484","med","spring","D",0,1,NA,NA,NA
"pk485","med","spring","D",0,0,0,NA,NA
"pk486","med","spring","D",0,0,0,0,0
"pk487","med","spring","D",0,NA,NA,NA,NA
"pk488","med","spring","D",0,0,0,0,0
"pk489","med","spring","D",0,1,NA,NA,NA
"pk490","med","spring","D",0,0,0,NA,NA
"pk491","med","spring","D",0,0,NA,NA,NA
"pk492","med","spring","D",0,0,0,0,1
"pk493","med","spring","D",1,NA,NA,NA,NA
"pk494","med","spring","D",1,NA,NA,NA,NA
"pk495","med","spring","D",0,NA,NA,NA,NA
"pk496","med","spring","D",0,1,NA,NA,NA
"pk497","med","spring","D",0,1,NA,NA,NA
"pk498","med","spring","D",0,0,0,0,0
"pk499","med","spring","D",1,NA,NA,NA,NA
"pk500","med","spring","D",1,NA,NA,NA,NA
"pk501","med","summer","D",1,NA,NA,NA,NA
"pk502","med","summer","D",0,0,NA,NA,NA
"pk503","med","summer","D",0,0,0,0,0
"pk504","med","summer","D",0,0,0,0,0
"pk505","med","summer","D",0,0,0,0,0
"pk506","med","summer","D",0,0,0,0,0
"pk507","med","summer","D",1,NA,NA,NA,NA
"pk508","med","summer","D",1,NA,NA,NA,NA
"pk509","med","summer","D",0,1,NA,NA,NA
"pk510","med","summer","D",1,NA,NA,NA,NA
"pk511","med","summer","D",0,0,0,1,NA
"pk512","med","summer","D",0,1,NA,NA,NA
"pk513","med","summer","D",0,0,0,1,NA
"pk514","med","summer","D",0,0,0,0,0
"pk515","med","summer","D",0,0,0,0,NA
"pk516","med","summer","D",0,0,1,NA,NA
"pk517","med","summer","D",1,NA,NA,NA,NA
"pk518","med","summer","D",0,NA,NA,NA,NA
"pk519","med","summer","D",1,NA,NA,NA,NA
"pk520","med","summer","D",0,0,0,0,NA
"pk521","med","fall","D",0,0,0,0,0
"pk522","med","fall","D",0,0,0,0,0
"pk523","med","fall","D",1,NA,NA,NA,NA
"pk524","med","fall","D",0,NA,NA,NA,NA
"pk525","med","fall","D",0,0,0,0,0
"pk526","med","fall","D",1,NA,NA,NA,NA
"pk527","med","fall","D",1,NA,NA,NA,NA
"pk528","med","fall","D",0,0,0,0,0
"pk529","med","fall","D",0,0,0,0,0
"pk530","med","fall","D",0,0,0,0,0
"pk531","med","fall","D",0,NA,NA,NA,NA
"pk532","med","fall","D",1,NA,NA,NA,NA
"pk533","med","fall","D",0,0,NA,NA,NA
"pk534","med","fall","D",1,NA,NA,NA,NA
"pk535","med","fall","D",0,NA,NA,NA,NA
"pk536","med","fall","D",0,0,0,NA,NA
"pk537","med","fall","D",0,0,0,0,NA
"pk538","med","fall","D",1,NA,NA,NA,NA
"pk539","med","fall","D",1,NA,NA,NA,NA
"pk540","med","fall","D",0,1,NA,NA,NA
"pk541","sml","spring","RP",1,NA,NA,NA,NA
"pk542","sml","spring","RP",1,NA,NA,NA,NA
"pk543","sml","spring","RP",1,NA,NA,NA,NA
"pk544","sml","spring","RP",0,NA,NA,NA,NA
"pk545","sml","spring","RP",1,NA,NA,NA,NA
"pk546","sml","spring","RP",1,NA,NA,NA,NA
"pk547","sml","spring","RP",1,NA,NA,NA,NA
"pk548","sml","spring","RP",1,NA,NA,NA,NA
"pk549","sml","spring","RP",0,NA,NA,NA,NA
"pk550","sml","spring","RP",0,NA,NA,NA,NA
"pk551","sml","spring","RP",1,NA,NA,NA,NA
"pk552","sml","spring","RP",1,NA,NA,NA,NA
"pk553","sml","spring","RP",1,NA,NA,NA,NA
"pk554","sml","spring","RP",1,NA,NA,NA,NA
"pk555","sml","spring","RP",1,NA,NA,NA,NA
"pk556","sml","spring","RP",1,NA,NA,NA,NA
"pk557","sml","spring","RP",1,NA,NA,NA,NA
"pk558","sml","spring","RP",0,0,0,0,0
"pk559","sml","spring","RP",1,NA,NA,NA,NA
"pk560","sml","spring","RP",0,1,NA,NA,NA
"pk561","sml","summer","RP",1,NA,NA,NA,NA
"pk562","sml","summer","RP",1,NA,NA,NA,NA
"pk563","sml","summer","RP",1,NA,NA,NA,NA
"pk564","sml","summer","RP",1,NA,NA,NA,NA
"pk565","sml","summer","RP",1,NA,NA,NA,NA
"pk566","sml","summer","RP",1,NA,NA,NA,NA
"pk567","sml","summer","RP",1,NA,NA,NA,NA
"pk568","sml","summer","RP",0,1,NA,NA,NA
"pk569","sml","summer","RP",0,0,1,NA,NA
"pk570","sml","summer","RP",1,NA,NA,NA,NA
"pk571","sml","summer","RP",1,NA,NA,NA,NA
"pk572","sml","summer","RP",1,NA,NA,NA,NA
"pk573","sml","summer","RP",1,NA,NA,NA,NA
"pk574","sml","summer","RP",0,NA,NA,NA,NA
"pk575","sml","summer","RP",0,1,NA,NA,NA
"pk576","sml","summer","RP",1,NA,NA,NA,NA
"pk577","sml","summer","RP",0,NA,NA,NA,NA
"pk578","sml","summer","RP",0,NA,NA,NA,NA
"pk579","sml","summer","RP",1,NA,NA,NA,NA
"pk580","sml","summer","RP",1,NA,NA,NA,NA
"pk581","sml","fall","RP",0,NA,NA,NA,NA
"pk582","sml","fall","RP",1,NA,NA,NA,NA
"pk583","sml","fall","RP",1,NA,NA,NA,NA
"pk584","sml","fall","RP",1,NA,NA,NA,NA
"pk585","sml","fall","RP",1,NA,NA,NA,NA
"pk586","sml","fall","RP",0,NA,NA,NA,NA
"pk587","sml","fall","RP",1,NA,NA,NA,NA
"pk588","sml","fall","RP",0,1,NA,NA,NA
"pk589","sml","fall","RP",0,NA,NA,NA,NA
"pk590","sml","fall","RP",1,NA,NA,NA,NA
"pk591","sml","fall","RP",1,NA,NA,NA,NA
"pk592","sml","fall","RP",0,NA,NA,NA,NA
"pk593","sml","fall","RP",1,NA,NA,NA,NA
"pk594","sml","fall","RP",1,NA,NA,NA,NA
"pk595","sml","fall","RP",1,NA,NA,NA,NA
"pk596","sml","fall","RP",1,NA,NA,NA,NA
"pk597","sml","fall","RP",0,1,NA,NA,NA
"pk598","sml","fall","RP",0,0,0,1,NA
"pk599","sml","fall","RP",1,NA,NA,NA,NA
"pk600","sml","fall","RP",1,NA,NA,NA,NA
"pk601","sml","spring","M",1,NA,NA,NA,NA
"pk602","sml","spring","M",1,NA,NA,NA,NA
"pk603","sml","spring","M",0,NA,NA,NA,NA
"pk604","sml","spring","M",0,NA,NA,NA,NA
"pk605","sml","spring","M",0,0,0,1,NA
"pk606","sml","spring","M",1,NA,NA,NA,NA
"pk607","sml","spring","M",1,NA,NA,NA,NA
"pk608","sml","spring","M",0,0,0,0,NA
"pk609","sml","spring","M",1,NA,NA,NA,NA
"pk610","sml","spring","M",1,NA,NA,NA,NA
"pk611","sml","spring","M",0,NA,NA,NA,NA
"pk612","sml","spring","M",0,NA,NA,NA,NA
"pk613","sml","spring","M",0,NA,NA,NA,NA
"pk614","sml","spring","M",0,NA,NA,NA,NA
"pk615","sml","spring","M",1,NA,NA,NA,NA
"pk616","sml","spring","M",1,NA,NA,NA,NA
"pk617","sml","spring","M",0,NA,NA,NA,NA
"pk618","sml","spring","M",1,NA,NA,NA,NA
"pk619","sml","spring","M",0,1,NA,NA,NA
"pk620","sml","spring","M",0,NA,NA,NA,NA
"pk621","sml","summer","M",1,NA,NA,NA,NA
"pk622","sml","summer","M",0,NA,NA,NA,NA
"pk623","sml","summer","M",1,NA,NA,NA,NA
"pk624","sml","summer","M",1,NA,NA,NA,NA
"pk625","sml","summer","M",1,NA,NA,NA,NA
"pk626","sml","summer","M",1,NA,NA,NA,NA
"pk627","sml","summer","M",1,NA,NA,NA,NA
"pk628","sml","summer","M",1,NA,NA,NA,NA
"pk629","sml","summer","M",0,0,0,0,0
"pk630","sml","summer","M",0,NA,NA,NA,NA
"pk631","sml","summer","M",0,NA,NA,NA,NA
"pk632","sml","summer","M",0,0,1,NA,NA
"pk633","sml","summer","M",0,NA,NA,NA,NA
"pk634","sml","summer","M",0,NA,NA,NA,NA
"pk635","sml","summer","M",0,NA,NA,NA,NA
"pk636","sml","summer","M",1,NA,NA,NA,NA
"pk637","sml","summer","M",1,NA,NA,NA,NA
"pk638","sml","summer","M",0,NA,NA,NA,NA
"pk639","sml","summer","M",0,0,NA,NA,NA
"pk640","sml","summer","M",0,NA,NA,NA,NA
"pk641","sml","fall","M",0,NA,NA,NA,NA
"pk642","sml","fall","M",1,NA,NA,NA,NA
"pk643","sml","fall","M",1,NA,NA,NA,NA
"pk644","sml","fall","M",1,NA,NA,NA,NA
"pk645","sml","fall","M",0,0,0,0,0
"pk646","sml","fall","M",0,NA,NA,NA,NA
"pk647","sml","fall","M",0,0,0,0,NA
"pk648","sml","fall","M",0,0,0,0,0
"pk649","sml","fall","M",0,0,1,NA,NA
"pk650","sml","fall","M",1,NA,NA,NA,NA
"pk651","sml","fall","M",0,NA,NA,NA,NA
"pk652","sml","fall","M",1,NA,NA,NA,NA
"pk653","sml","fall","M",0,1,NA,NA,NA
"pk654","sml","fall","M",1,NA,NA,NA,NA
"pk655","sml","fall","M",0,NA,NA,NA,NA
"pk656","sml","fall","M",0,NA,NA,NA,NA
"pk657","sml","fall","M",0,NA,NA,NA,NA
"pk658","sml","fall","M",0,NA,NA,NA,NA
"pk659","sml","fall","M",0,NA,NA,NA,NA
"pk660","sml","fall","M",1,NA,NA,NA,NA
"pk661","sml","spring","D",1,NA,NA,NA,NA
"pk662","sml","spring","D",0,NA,NA,NA,NA
"pk663","sml","spring","D",0,NA,NA,NA,NA
"pk664","sml","spring","D",0,NA,NA,NA,NA
"pk665","sml","spring","D",1,NA,NA,NA,NA
"pk666","sml","spring","D",0,NA,NA,NA,NA
"pk667","sml","spring","D",0,NA,NA,NA,NA
"pk668","sml","spring","D",0,NA,NA,NA,NA
"pk669","sml","spring","D",0,NA,NA,NA,NA
"pk670","sml","spring","D",0,0,NA,NA,NA
"pk671","sml","spring","D",0,NA,NA,NA,NA
"pk672","sml","spring","D",0,0,NA,NA,NA
"pk673","sml","spring","D",0,0,NA,NA,NA
"pk674","sml","spring","D",0,0,0,0,0
"pk675","sml","spring","D",0,NA,NA,NA,NA
"pk676","sml","spring","D",0,0,NA,NA,NA
"pk677","sml","spring","D",0,0,NA,NA,NA
"pk678","sml","spring","D",0,0,0,0,0
"pk679","sml","spring","D",0,NA,NA,NA,NA
"pk680","sml","spring","D",0,0,0,0,0
"pk681","sml","summer","D",0,1,NA,NA,NA
"pk682","sml","summer","D",0,NA,NA,NA,NA
"pk683","sml","summer","D",0,NA,NA,NA,NA
"pk684","sml","summer","D",0,NA,NA,NA,NA
"pk685","sml","summer","D",0,NA,NA,NA,NA
"pk686","sml","summer","D",1,NA,NA,NA,NA
"pk687","sml","summer","D",0,0,0,0,NA
"pk688","sml","summer","D",1,NA,NA,NA,NA
"pk689","sml","summer","D",0,0,0,NA,NA
"pk690","sml","summer","D",1,NA,NA,NA,NA
"pk691","sml","summer","D",0,0,0,0,0
"pk692","sml","summer","D",0,NA,NA,NA,NA
"pk693","sml","summer","D",0,0,0,0,0
"pk694","sml","summer","D",1,NA,NA,NA,NA
"pk695","sml","summer","D",0,NA,NA,NA,NA
"pk696","sml","summer","D",1,NA,NA,NA,NA
"pk697","sml","summer","D",0,NA,NA,NA,NA
"pk698","sml","summer","D",0,0,1,NA,NA
"pk699","sml","summer","D",0,NA,NA,NA,NA
"pk700","sml","summer","D",0,NA,NA,NA,NA
"pk701","sml","fall","D",0,0,0,0,0
"pk702","sml","fall","D",1,NA,NA,NA,NA
"pk703","sml","fall","D",0,NA,NA,NA,NA
"pk704","sml","fall","D",0,0,0,0,0
"pk705","sml","fall","D",0,0,0,NA,NA
"pk706","sml","fall","D",0,0,0,0,0
"pk707","sml","fall","D",0,0,0,0,NA
"pk708","sml","fall","D",0,NA,NA,NA,NA
"pk709","sml","fall","D",0,NA,NA,NA,NA
"pk710","sml","fall","D",0,0,0,0,0
"pk711","sml","fall","D",0,0,0,NA,NA
"pk712","sml","fall","D",0,0,1,NA,NA
"pk713","sml","fall","D",0,0,0,0,0
"pk714","sml","fall","D",0,0,0,0,0
"pk715","sml","fall","D",0,0,0,0,0
"pk716","sml","fall","D",0,0,0,0,0
"pk717","sml","fall","D",0,NA,NA,NA,NA
"pk718","sml","fall","D",0,NA,NA,NA,NA
"pk719","sml","fall","D",0,NA,NA,NA,NA
"pk720","sml","fall","D",0,0,NA,NA,NA
