"cpID","Size","Season","Visibility","Left","Right"
"cp1","bat","spring","RP",0,0.99
"cp2","bat","spring","RP",0,1.01
"cp3","bat","spring","RP",7.06,9.97
"cp4","bat","spring","RP",7.03,10.08
"cp5","bat","spring","RP",0,0.88
"cp6","bat","spring","RP",2,3.01
"cp7","bat","spring","RP",0.93,2.09
"cp8","bat","spring","RP",9.9,14.04
"cp9","bat","spring","RP",0.98,1.95
"cp10","bat","spring","RP",3.01,3.81
"cp11","bat","spring","RP",0.99,1.89
"cp12","bat","spring","RP",14.04,20.89
"cp13","bat","spring","RP",0.96,1.94
"cp14","bat","spring","RP",0.86,1.95
"cp15","bat","spring","RP",2.94,4
"cp16","bat","spring","RP",3,3.98
"cp17","bat","spring","RP",0,0.91
"cp18","bat","spring","RP",1,1.92
"cp19","bat","spring","RP",14.06,20.84
"cp20","bat","spring","RP",0,1.13
"cp21","bat","summer","RP",1.01,1.98
"cp22","bat","summer","RP",0,0.89
"cp23","bat","summer","RP",14.02,21.03
"cp24","bat","summer","RP",1.9,2.99
"cp25","bat","summer","RP",0.89,2.1
"cp26","bat","summer","RP",0,1.04
"cp27","bat","summer","RP",4.03,7.1
"cp28","bat","summer","RP",0,1.14
"cp29","bat","summer","RP",0,1.06
"cp30","bat","summer","RP",0.98,1.9
"cp31","bat","summer","RP",0,0.94
"cp32","bat","summer","RP",2.02,3.04
"cp33","bat","summer","RP",3.96,6.98
"cp34","bat","summer","RP",0,1.05
"cp35","bat","summer","RP",0.99,2.02
"cp36","bat","summer","RP",0,0.98
"cp37","bat","summer","RP",0.94,2.16
"cp38","bat","summer","RP",14.04,21.16
"cp39","bat","summer","RP",7.08,10.05
"cp40","bat","summer","RP",3.83,7.03
"cp41","bat","fall","RP",0.98,1.99
"cp42","bat","fall","RP",3.91,7.01
"cp43","bat","fall","RP",4.11,7.01
"cp44","bat","fall","RP",6.94,9.98
"cp45","bat","fall","RP",4.13,6.99
"cp46","bat","fall","RP",13.91,20.84
"cp47","bat","fall","RP",0.9,1.95
"cp48","bat","fall","RP",0.99,1.99
"cp49","bat","fall","RP",4.07,7.04
"cp50","bat","fall","RP",4.02,6.9
"cp51","bat","fall","RP",1.05,2.06
"cp52","bat","fall","RP",0,1.04
"cp53","bat","fall","RP",0,1.24
"cp54","bat","fall","RP",1.02,2.05
"cp55","bat","fall","RP",9.92,14.04
"cp56","bat","fall","RP",2.99,4.04
"cp57","bat","fall","RP",2.92,4.01
"cp58","bat","fall","RP",1.8,2.75
"cp59","bat","fall","RP",7.02,10.09
"cp60","bat","fall","RP",2.89,3.88
"cp61","bat","spring","M",13.94,20.91
"cp62","bat","spring","M",2.05,3.02
"cp63","bat","spring","M",28.09,Inf
"cp64","bat","spring","M",3.01,3.87
"cp65","bat","spring","M",0,0.8
"cp66","bat","spring","M",4.04,7.07
"cp67","bat","spring","M",0,1.08
"cp68","bat","spring","M",3.98,7.06
"cp69","bat","spring","M",28.09,Inf
"cp70","bat","spring","M",0,0.78
"cp71","bat","spring","M",0,0.97
"cp72","bat","spring","M",2.9,3.83
"cp73","bat","spring","M",4.04,6.95
"cp74","bat","spring","M",28.09,Inf
"cp75","bat","spring","M",14,20.88
"cp76","bat","spring","M",0,0.98
"cp77","bat","spring","M",1.92,3.03
"cp78","bat","spring","M",7.11,9.97
"cp79","bat","spring","M",28.09,Inf
"cp80","bat","spring","M",2.06,2.9
"cp81","bat","summer","M",0,0.94
"cp82","bat","summer","M",28.08,Inf
"cp83","bat","summer","M",4.18,7.05
"cp84","bat","summer","M",13.9,21
"cp85","bat","summer","M",20.93,28.04
"cp86","bat","summer","M",9.92,14.04
"cp87","bat","summer","M",0,0.96
"cp88","bat","summer","M",9.97,13.95
"cp89","bat","summer","M",3.95,7.01
"cp90","bat","summer","M",3.94,7.17
"cp91","bat","summer","M",20.98,27.99
"cp92","bat","summer","M",3.91,6.95
"cp93","bat","summer","M",0.99,2.11
"cp94","bat","summer","M",7.04,10.08
"cp95","bat","summer","M",28.08,Inf
"cp96","bat","summer","M",3.96,6.91
"cp97","bat","summer","M",2.11,3.03
"cp98","bat","summer","M",3.95,7.15
"cp99","bat","summer","M",6.97,9.93
"cp100","bat","summer","M",0,0.95
"cp101","bat","fall","M",1.99,2.98
"cp102","bat","fall","M",6.99,9.91
"cp103","bat","fall","M",9.93,14.01
"cp104","bat","fall","M",4.05,7.04
"cp105","bat","fall","M",14.1,21.08
"cp106","bat","fall","M",1.11,2.02
"cp107","bat","fall","M",0,0.96
"cp108","bat","fall","M",0,0.89
"cp109","bat","fall","M",0,0.91
"cp110","bat","fall","M",1.1,1.99
"cp111","bat","fall","M",28.16,Inf
"cp112","bat","fall","M",21.14,28
"cp113","bat","fall","M",13.94,21.14
"cp114","bat","fall","M",2.94,3.93
"cp115","bat","fall","M",13.82,21.01
"cp116","bat","fall","M",20.87,27.94
"cp117","bat","fall","M",28.16,Inf
"cp118","bat","fall","M",28.16,Inf
"cp119","bat","fall","M",13.95,20.87
"cp120","bat","fall","M",4.07,6.87
"cp121","bat","spring","D",3.87,6.92
"cp122","bat","spring","D",13.95,21.09
"cp123","bat","spring","D",1.08,2.18
"cp124","bat","spring","D",13.9,21.02
"cp125","bat","spring","D",3.08,3.94
"cp126","bat","spring","D",1.96,2.99
"cp127","bat","spring","D",1.91,3.04
"cp128","bat","spring","D",21.04,28.01
"cp129","bat","spring","D",21.02,28
"cp130","bat","spring","D",0,1.03
"cp131","bat","spring","D",4.02,7.08
"cp132","bat","spring","D",28.17,Inf
"cp133","bat","spring","D",3.07,3.97
"cp134","bat","spring","D",10.06,13.95
"cp135","bat","spring","D",14.01,21.03
"cp136","bat","spring","D",14.01,21.01
"cp137","bat","spring","D",9.91,13.95
"cp138","bat","spring","D",1.95,3.03
"cp139","bat","spring","D",21,28.11
"cp140","bat","spring","D",28.17,Inf
"cp141","bat","summer","D",2.01,3.08
"cp142","bat","summer","D",28.15,Inf
"cp143","bat","summer","D",20.94,28.12
"cp144","bat","summer","D",28.15,Inf
"cp145","bat","summer","D",4.1,7.03
"cp146","bat","summer","D",28.15,Inf
"cp147","bat","summer","D",1.97,3.07
"cp148","bat","summer","D",2.02,3.05
"cp149","bat","summer","D",9.95,14.06
"cp150","bat","summer","D",2,3.14
"cp151","bat","summer","D",13.84,21
"cp152","bat","summer","D",6.89,9.92
"cp153","bat","summer","D",3.03,3.94
"cp154","bat","summer","D",3.88,7.22
"cp155","bat","summer","D",28.15,Inf
"cp156","bat","summer","D",0,1.03
"cp157","bat","summer","D",2.05,3.05
"cp158","bat","summer","D",10.01,14.17
"cp159","bat","summer","D",3.05,4.01
"cp160","bat","summer","D",9.9,13.84
"cp161","bat","fall","D",0,1.05
"cp162","bat","fall","D",28.19,Inf
"cp163","bat","fall","D",4.02,7.08
"cp164","bat","fall","D",28.19,Inf
"cp165","bat","fall","D",3.05,3.95
"cp166","bat","fall","D",28.19,Inf
"cp167","bat","fall","D",28.19,Inf
"cp168","bat","fall","D",0,1.08
"cp169","bat","fall","D",2.09,2.96
"cp170","bat","fall","D",3,3.92
"cp171","bat","fall","D",20.85,28.13
"cp172","bat","fall","D",1.06,1.97
"cp173","bat","fall","D",0,1.16
"cp174","bat","fall","D",0,1.01
"cp175","bat","fall","D",0.94,2
"cp176","bat","fall","D",28.19,Inf
"cp177","bat","fall","D",1.06,2.08
"cp178","bat","fall","D",3.94,6.95
"cp179","bat","fall","D",28.19,Inf
"cp180","bat","fall","D",0.97,1.88
"cp181","lrg","spring","RP",28.2,Inf
"cp182","lrg","spring","RP",14.07,21.18
"cp183","lrg","spring","RP",28.2,Inf
"cp184","lrg","spring","RP",28.2,Inf
"cp185","lrg","spring","RP",1.98,3.03
"cp186","lrg","spring","RP",10.17,14.03
"cp187","lrg","spring","RP",28.2,Inf
"cp188","lrg","spring","RP",28.2,Inf
"cp189","lrg","spring","RP",4.03,6.95
"cp190","lrg","spring","RP",28.2,Inf
"cp191","lrg","spring","RP",13.95,20.9
"cp192","lrg","spring","RP",9.87,13.98
"cp193","lrg","spring","RP",28.2,Inf
"cp194","lrg","spring","RP",13.86,21.03
"cp195","lrg","spring","RP",14.07,21.05
"cp196","lrg","spring","RP",28.2,Inf
"cp197","lrg","spring","RP",28.2,Inf
"cp198","lrg","spring","RP",28.2,Inf
"cp199","lrg","spring","RP",6.98,10.11
"cp200","lrg","spring","RP",6.91,10.07
"cp201","lrg","summer","RP",2.04,2.91
"cp202","lrg","summer","RP",28.18,Inf
"cp203","lrg","summer","RP",28.18,Inf
"cp204","lrg","summer","RP",28.18,Inf
"cp205","lrg","summer","RP",28.18,Inf
"cp206","lrg","summer","RP",28.18,Inf
"cp207","lrg","summer","RP",10.08,13.95
"cp208","lrg","summer","RP",4.15,7.14
"cp209","lrg","summer","RP",28.18,Inf
"cp210","lrg","summer","RP",10.03,13.76
"cp211","lrg","summer","RP",14.02,21.13
"cp212","lrg","summer","RP",28.18,Inf
"cp213","lrg","summer","RP",6.94,10.17
"cp214","lrg","summer","RP",1.96,2.97
"cp215","lrg","summer","RP",14.04,20.98
"cp216","lrg","summer","RP",28.18,Inf
"cp217","lrg","summer","RP",6.95,10.13
"cp218","lrg","summer","RP",13.91,21.03
"cp219","lrg","summer","RP",0,1.09
"cp220","lrg","summer","RP",2.06,3.08
"cp221","lrg","fall","RP",28.16,Inf
"cp222","lrg","fall","RP",21.06,27.95
"cp223","lrg","fall","RP",14.02,21.03
"cp224","lrg","fall","RP",28.16,Inf
"cp225","lrg","fall","RP",3.88,7.02
"cp226","lrg","fall","RP",28.16,Inf
"cp227","lrg","fall","RP",28.16,Inf
"cp228","lrg","fall","RP",28.16,Inf
"cp229","lrg","fall","RP",28.16,Inf
"cp230","lrg","fall","RP",28.16,Inf
"cp231","lrg","fall","RP",28.16,Inf
"cp232","lrg","fall","RP",14.05,20.9
"cp233","lrg","fall","RP",2.01,3.19
"cp234","lrg","fall","RP",28.16,Inf
"cp235","lrg","fall","RP",28.16,Inf
"cp236","lrg","fall","RP",0.96,1.87
"cp237","lrg","fall","RP",20.98,28.02
"cp238","lrg","fall","RP",1.02,1.94
"cp239","lrg","fall","RP",20.85,28.05
"cp240","lrg","fall","RP",28.16,Inf
"cp241","lrg","spring","M",28.3,Inf
"cp242","lrg","spring","M",4.13,7.13
"cp243","lrg","spring","M",28.3,Inf
"cp244","lrg","spring","M",10.01,14
"cp245","lrg","spring","M",7.01,10.02
"cp246","lrg","spring","M",28.3,Inf
"cp247","lrg","spring","M",28.3,Inf
"cp248","lrg","spring","M",28.3,Inf
"cp249","lrg","spring","M",21.13,28.06
"cp250","lrg","spring","M",28.3,Inf
"cp251","lrg","spring","M",21.04,27.9
"cp252","lrg","spring","M",0.87,2.09
"cp253","lrg","spring","M",20.92,27.99
"cp254","lrg","spring","M",28.3,Inf
"cp255","lrg","spring","M",0,1.11
"cp256","lrg","spring","M",6.99,9.93
"cp257","lrg","spring","M",0,1.04
"cp258","lrg","spring","M",28.3,Inf
"cp259","lrg","spring","M",28.3,Inf
"cp260","lrg","spring","M",28.3,Inf
"cp261","lrg","summer","M",4.07,7.03
"cp262","lrg","summer","M",28.14,Inf
"cp263","lrg","summer","M",4.1,6.96
"cp264","lrg","summer","M",28.14,Inf
"cp265","lrg","summer","M",28.14,Inf
"cp266","lrg","summer","M",1.01,2.1
"cp267","lrg","summer","M",28.14,Inf
"cp268","lrg","summer","M",2.03,2.89
"cp269","lrg","summer","M",28.14,Inf
"cp270","lrg","summer","M",6.98,10.1
"cp271","lrg","summer","M",28.14,Inf
"cp272","lrg","summer","M",28.14,Inf
"cp273","lrg","summer","M",28.14,Inf
"cp274","lrg","summer","M",1.94,3.05
"cp275","lrg","summer","M",2.01,2.76
"cp276","lrg","summer","M",14.03,21.12
"cp277","lrg","summer","M",2.91,4.07
"cp278","lrg","summer","M",28.14,Inf
"cp279","lrg","summer","M",28.14,Inf
"cp280","lrg","summer","M",28.14,Inf
"cp281","lrg","fall","M",1.1,2.1
"cp282","lrg","fall","M",28.08,Inf
"cp283","lrg","fall","M",1.95,3.13
"cp284","lrg","fall","M",3.99,7.06
"cp285","lrg","fall","M",28.08,Inf
"cp286","lrg","fall","M",28.08,Inf
"cp287","lrg","fall","M",28.08,Inf
"cp288","lrg","fall","M",21.08,28.02
"cp289","lrg","fall","M",1.99,2.84
"cp290","lrg","fall","M",28.08,Inf
"cp291","lrg","fall","M",28.08,Inf
"cp292","lrg","fall","M",28.08,Inf
"cp293","lrg","fall","M",28.08,Inf
"cp294","lrg","fall","M",28.08,Inf
"cp295","lrg","fall","M",9.96,14.04
"cp296","lrg","fall","M",28.08,Inf
"cp297","lrg","fall","M",28.08,Inf
"cp298","lrg","fall","M",2.02,2.98
"cp299","lrg","fall","M",28.08,Inf
"cp300","lrg","fall","M",13.9,21
"cp301","lrg","spring","D",6.89,10
"cp302","lrg","spring","D",4.09,6.87
"cp303","lrg","spring","D",28.21,Inf
"cp304","lrg","spring","D",28.21,Inf
"cp305","lrg","spring","D",28.21,Inf
"cp306","lrg","spring","D",28.21,Inf
"cp307","lrg","spring","D",9.96,14.06
"cp308","lrg","spring","D",28.21,Inf
"cp309","lrg","spring","D",7.22,9.99
"cp310","lrg","spring","D",21.15,27.95
"cp311","lrg","spring","D",14,20.98
"cp312","lrg","spring","D",28.21,Inf
"cp313","lrg","spring","D",6.95,10.15
"cp314","lrg","spring","D",28.21,Inf
"cp315","lrg","spring","D",7.06,9.94
"cp316","lrg","spring","D",3.82,7.16
"cp317","lrg","spring","D",28.21,Inf
"cp318","lrg","spring","D",7.02,9.94
"cp319","lrg","spring","D",20.93,28.09
"cp320","lrg","spring","D",0,1.06
"cp321","lrg","summer","D",1.99,2.97
"cp322","lrg","summer","D",28.1,Inf
"cp323","lrg","summer","D",28.1,Inf
"cp324","lrg","summer","D",20.87,28.06
"cp325","lrg","summer","D",10.02,14.06
"cp326","lrg","summer","D",28.1,Inf
"cp327","lrg","summer","D",28.1,Inf
"cp328","lrg","summer","D",28.1,Inf
"cp329","lrg","summer","D",1.94,3.01
"cp330","lrg","summer","D",28.1,Inf
"cp331","lrg","summer","D",10.06,14.18
"cp332","lrg","summer","D",28.1,Inf
"cp333","lrg","summer","D",28.1,Inf
"cp334","lrg","summer","D",28.1,Inf
"cp335","lrg","summer","D",28.1,Inf
"cp336","lrg","summer","D",14.12,20.84
"cp337","lrg","summer","D",13.97,21
"cp338","lrg","summer","D",14.01,21.04
"cp339","lrg","summer","D",20.96,28.05
"cp340","lrg","summer","D",10.05,13.87
"cp341","lrg","fall","D",21.04,27.98
"cp342","lrg","fall","D",28.18,Inf
"cp343","lrg","fall","D",28.18,Inf
"cp344","lrg","fall","D",28.18,Inf
"cp345","lrg","fall","D",21.12,27.99
"cp346","lrg","fall","D",28.18,Inf
"cp347","lrg","fall","D",28.18,Inf
"cp348","lrg","fall","D",28.18,Inf
"cp349","lrg","fall","D",28.18,Inf
"cp350","lrg","fall","D",13.98,21.13
"cp351","lrg","fall","D",13.96,21.03
"cp352","lrg","fall","D",21.06,28.13
"cp353","lrg","fall","D",28.18,Inf
"cp354","lrg","fall","D",7.15,10.09
"cp355","lrg","fall","D",28.18,Inf
"cp356","lrg","fall","D",28.18,Inf
"cp357","lrg","fall","D",28.18,Inf
"cp358","lrg","fall","D",13.94,21.09
"cp359","lrg","fall","D",13.98,20.99
"cp360","lrg","fall","D",2.12,3.1
"cp361","med","spring","RP",3.93,7.07
"cp362","med","spring","RP",10.02,14
"cp363","med","spring","RP",10.08,14.07
"cp364","med","spring","RP",3.97,7
"cp365","med","spring","RP",21.03,28.25
"cp366","med","spring","RP",13.86,20.88
"cp367","med","spring","RP",28.25,Inf
"cp368","med","spring","RP",6.98,10.03
"cp369","med","spring","RP",6.78,10.01
"cp370","med","spring","RP",28.25,Inf
"cp371","med","spring","RP",3.94,6.95
"cp372","med","spring","RP",3.92,7.02
"cp373","med","spring","RP",2.87,4.01
"cp374","med","spring","RP",0,1.08
"cp375","med","spring","RP",4,6.82
"cp376","med","spring","RP",28.25,Inf
"cp377","med","spring","RP",20.94,27.95
"cp378","med","spring","RP",13.99,21.08
"cp379","med","spring","RP",0,0.99
"cp380","med","spring","RP",4.03,6.96
"cp381","med","summer","RP",0,1.04
"cp382","med","summer","RP",0.98,1.94
"cp383","med","summer","RP",2,2.94
"cp384","med","summer","RP",0,1.03
"cp385","med","summer","RP",1.05,2.04
"cp386","med","summer","RP",13.94,21.13
"cp387","med","summer","RP",13.98,20.98
"cp388","med","summer","RP",13.84,21.01
"cp389","med","summer","RP",28.22,Inf
"cp390","med","summer","RP",14.05,20.96
"cp391","med","summer","RP",3.97,6.95
"cp392","med","summer","RP",20.92,28.03
"cp393","med","summer","RP",4.03,7.03
"cp394","med","summer","RP",21.02,27.99
"cp395","med","summer","RP",2.13,2.96
"cp396","med","summer","RP",3.94,6.87
"cp397","med","summer","RP",3.87,7.1
"cp398","med","summer","RP",0,1.07
"cp399","med","summer","RP",9.99,13.93
"cp400","med","summer","RP",4.01,6.89
"cp401","med","fall","RP",13.91,21.02
"cp402","med","fall","RP",9.93,13.97
"cp403","med","fall","RP",14.06,21.02
"cp404","med","fall","RP",7.09,10
"cp405","med","fall","RP",0,0.96
"cp406","med","fall","RP",4,7.14
"cp407","med","fall","RP",0,0.96
"cp408","med","fall","RP",9.95,13.94
"cp409","med","fall","RP",2.97,4.03
"cp410","med","fall","RP",28.16,Inf
"cp411","med","fall","RP",0,0.93
"cp412","med","fall","RP",0,0.94
"cp413","med","fall","RP",0,1.05
"cp414","med","fall","RP",28.16,Inf
"cp415","med","fall","RP",0,1.04
"cp416","med","fall","RP",13.88,21.02
"cp417","med","fall","RP",21.04,28.01
"cp418","med","fall","RP",7.01,9.92
"cp419","med","fall","RP",7.07,9.92
"cp420","med","fall","RP",28.16,Inf
"cp421","med","spring","M",10.09,14.04
"cp422","med","spring","M",10.04,13.99
"cp423","med","spring","M",3.81,7
"cp424","med","spring","M",13.96,20.95
"cp425","med","spring","M",0,1.03
"cp426","med","spring","M",28.15,Inf
"cp427","med","spring","M",28.15,Inf
"cp428","med","spring","M",0,0.89
"cp429","med","spring","M",28.15,Inf
"cp430","med","spring","M",28.15,Inf
"cp431","med","spring","M",0.98,2.12
"cp432","med","spring","M",6.85,9.91
"cp433","med","spring","M",1.9,3.03
"cp434","med","spring","M",0,1.04
"cp435","med","spring","M",20.96,28.05
"cp436","med","spring","M",20.9,28.01
"cp437","med","spring","M",10.15,14.01
"cp438","med","spring","M",28.15,Inf
"cp439","med","spring","M",0,1.05
"cp440","med","spring","M",0,0.86
"cp441","med","summer","M",4.05,6.89
"cp442","med","summer","M",2.05,3.04
"cp443","med","summer","M",21.1,28.07
"cp444","med","summer","M",13.83,20.98
"cp445","med","summer","M",9.98,13.87
"cp446","med","summer","M",3.83,7.14
"cp447","med","summer","M",0,1.07
"cp448","med","summer","M",2.06,3.03
"cp449","med","summer","M",13.86,21.13
"cp450","med","summer","M",14.01,20.99
"cp451","med","summer","M",28.15,Inf
"cp452","med","summer","M",13.85,21.08
"cp453","med","summer","M",28.15,Inf
"cp454","med","summer","M",7.08,10.05
"cp455","med","summer","M",4.08,7.03
"cp456","med","summer","M",4.02,6.95
"cp457","med","summer","M",4.04,6.92
"cp458","med","summer","M",28.15,Inf
"cp459","med","summer","M",28.15,Inf
"cp460","med","summer","M",28.15,Inf
"cp461","med","fall","M",0.86,2.13
"cp462","med","fall","M",0,1.02
"cp463","med","fall","M",28.1,Inf
"cp464","med","fall","M",13.78,20.98
"cp465","med","fall","M",7.01,9.97
"cp466","med","fall","M",14.07,20.88
"cp467","med","fall","M",0,0.9
"cp468","med","fall","M",14.11,21.08
"cp469","med","fall","M",0,1.05
"cp470","med","fall","M",0.98,2
"cp471","med","fall","M",28.1,Inf
"cp472","med","fall","M",3.93,6.89
"cp473","med","fall","M",10.04,14.02
"cp474","med","fall","M",9.93,13.82
"cp475","med","fall","M",0,0.95
"cp476","med","fall","M",28.1,Inf
"cp477","med","fall","M",14.26,21.06
"cp478","med","fall","M",28.1,Inf
"cp479","med","fall","M",28.1,Inf
"cp480","med","fall","M",13.95,20.95
"cp481","med","spring","D",14.07,21
"cp482","med","spring","D",21.05,28.09
"cp483","med","spring","D",21.02,28.09
"cp484","med","spring","D",14.01,20.85
"cp485","med","spring","D",28.1,Inf
"cp486","med","spring","D",6.87,9.99
"cp487","med","spring","D",13.85,20.98
"cp488","med","spring","D",14.08,20.97
"cp489","med","spring","D",14.01,21.12
"cp490","med","spring","D",21.12,28.08
"cp491","med","spring","D",21.12,28.07
"cp492","med","spring","D",10.08,14.15
"cp493","med","spring","D",28.1,Inf
"cp494","med","spring","D",9.98,14.08
"cp495","med","spring","D",28.1,Inf
"cp496","med","spring","D",13.97,21.18
"cp497","med","spring","D",4.14,7.03
"cp498","med","spring","D",3.94,7.01
"cp499","med","spring","D",7.02,10.07
"cp500","med","spring","D",13.94,20.93
"cp501","med","summer","D",21.01,27.95
"cp502","med","summer","D",28.24,Inf
"cp503","med","summer","D",28.24,Inf
"cp504","med","summer","D",2.04,3.03
"cp505","med","summer","D",28.24,Inf
"cp506","med","summer","D",28.24,Inf
"cp507","med","summer","D",20.91,28.08
"cp508","med","summer","D",28.24,Inf
"cp509","med","summer","D",0,1.04
"cp510","med","summer","D",28.24,Inf
"cp511","med","summer","D",20.95,28.13
"cp512","med","summer","D",28.24,Inf
"cp513","med","summer","D",6.94,9.88
"cp514","med","summer","D",6.89,9.87
"cp515","med","summer","D",6.87,10.02
"cp516","med","summer","D",28.24,Inf
"cp517","med","summer","D",28.24,Inf
"cp518","med","summer","D",1.01,1.92
"cp519","med","summer","D",28.24,Inf
"cp520","med","summer","D",28.24,Inf
"cp521","med","fall","D",2.93,3.86
"cp522","med","fall","D",28.12,Inf
"cp523","med","fall","D",28.12,Inf
"cp524","med","fall","D",28.12,Inf
"cp525","med","fall","D",28.12,Inf
"cp526","med","fall","D",13.97,21.06
"cp527","med","fall","D",28.12,Inf
"cp528","med","fall","D",28.12,Inf
"cp529","med","fall","D",28.12,Inf
"cp530","med","fall","D",3.96,7.03
"cp531","med","fall","D",13.97,21.05
"cp532","med","fall","D",3.95,7.06
"cp533","med","fall","D",7,9.89
"cp534","med","fall","D",6.92,9.99
"cp535","med","fall","D",28.12,Inf
"cp536","med","fall","D",9.92,14.06
"cp537","med","fall","D",0.91,2.24
"cp538","med","fall","D",6.99,10.08
"cp539","med","fall","D",0,0.93
"cp540","med","fall","D",28.12,Inf
"cp541","sml","spring","RP",0.86,2.05
"cp542","sml","spring","RP",28.15,Inf
"cp543","sml","spring","RP",13.98,21.12
"cp544","sml","spring","RP",4,7.03
"cp545","sml","spring","RP",4.03,7.02
"cp546","sml","spring","RP",0,1.06
"cp547","sml","spring","RP",3.91,7.05
"cp548","sml","spring","RP",14.12,20.93
"cp549","sml","spring","RP",0,1
"cp550","sml","spring","RP",28.15,Inf
"cp551","sml","spring","RP",2.91,4
"cp552","sml","spring","RP",28.15,Inf
"cp553","sml","spring","RP",4.1,7
"cp554","sml","spring","RP",28.15,Inf
"cp555","sml","spring","RP",3.88,6.93
"cp556","sml","spring","RP",0.92,1.99
"cp557","sml","spring","RP",0,1.06
"cp558","sml","spring","RP",1.06,1.97
"cp559","sml","spring","RP",0,0.92
"cp560","sml","spring","RP",0,1.02
"cp561","sml","summer","RP",21.03,28.04
"cp562","sml","summer","RP",0,1.03
"cp563","sml","summer","RP",0,1.15
"cp564","sml","summer","RP",0,0.98
"cp565","sml","summer","RP",7.07,9.97
"cp566","sml","summer","RP",14.04,21.02
"cp567","sml","summer","RP",20.98,27.92
"cp568","sml","summer","RP",0,1.03
"cp569","sml","summer","RP",1.02,1.96
"cp570","sml","summer","RP",28.12,Inf
"cp571","sml","summer","RP",28.12,Inf
"cp572","sml","summer","RP",3.89,7.1
"cp573","sml","summer","RP",0,0.96
"cp574","sml","summer","RP",7.1,9.94
"cp575","sml","summer","RP",0,1.03
"cp576","sml","summer","RP",2.03,2.99
"cp577","sml","summer","RP",28.12,Inf
"cp578","sml","summer","RP",9.88,13.79
"cp579","sml","summer","RP",7.05,10.06
"cp580","sml","summer","RP",3.02,4.04
"cp581","sml","fall","RP",3.13,4.13
"cp582","sml","fall","RP",9.99,14.07
"cp583","sml","fall","RP",28.18,Inf
"cp584","sml","fall","RP",3.96,7.14
"cp585","sml","fall","RP",3.84,7.01
"cp586","sml","fall","RP",0,0.85
"cp587","sml","fall","RP",28.18,Inf
"cp588","sml","fall","RP",0,1.02
"cp589","sml","fall","RP",2.07,3.09
"cp590","sml","fall","RP",1.98,2.88
"cp591","sml","fall","RP",14.05,21.03
"cp592","sml","fall","RP",0,1.18
"cp593","sml","fall","RP",1.86,2.96
"cp594","sml","fall","RP",21.03,27.9
"cp595","sml","fall","RP",21.03,28.11
"cp596","sml","fall","RP",28.18,Inf
"cp597","sml","fall","RP",0,1.02
"cp598","sml","fall","RP",3.81,6.99
"cp599","sml","fall","RP",20.95,27.98
"cp600","sml","fall","RP",0,0.93
"cp601","sml","spring","M",3.95,7.13
"cp602","sml","spring","M",13.85,20.97
"cp603","sml","spring","M",6.93,10
"cp604","sml","spring","M",10.08,13.98
"cp605","sml","spring","M",28.15,Inf
"cp606","sml","spring","M",9.93,13.94
"cp607","sml","spring","M",7.11,10.06
"cp608","sml","spring","M",28.15,Inf
"cp609","sml","spring","M",7,10.04
"cp610","sml","spring","M",0,0.99
"cp611","sml","spring","M",2.01,3.03
"cp612","sml","spring","M",0.98,2.12
"cp613","sml","spring","M",2.98,4.16
"cp614","sml","spring","M",1.03,2.13
"cp615","sml","spring","M",0.86,1.95
"cp616","sml","spring","M",0,1.12
"cp617","sml","spring","M",28.15,Inf
"cp618","sml","spring","M",0,1.04
"cp619","sml","spring","M",28.15,Inf
"cp620","sml","spring","M",14,21.09
"cp621","sml","summer","M",7.05,10.02
"cp622","sml","summer","M",0,0.97
"cp623","sml","summer","M",20.9,28.02
"cp624","sml","summer","M",0,1.06
"cp625","sml","summer","M",28.14,Inf
"cp626","sml","summer","M",28.14,Inf
"cp627","sml","summer","M",9.98,14.09
"cp628","sml","summer","M",0,1.09
"cp629","sml","summer","M",0,1.1
"cp630","sml","summer","M",28.14,Inf
"cp631","sml","summer","M",0,1
"cp632","sml","summer","M",28.14,Inf
"cp633","sml","summer","M",0,1.15
"cp634","sml","summer","M",2.03,3.13
"cp635","sml","summer","M",0.97,1.89
"cp636","sml","summer","M",14.11,21.11
"cp637","sml","summer","M",28.14,Inf
"cp638","sml","summer","M",9.99,13.88
"cp639","sml","summer","M",0,0.94
"cp640","sml","summer","M",0,1.07
"cp641","sml","fall","M",28.16,Inf
"cp642","sml","fall","M",1.94,3.07
"cp643","sml","fall","M",28.16,Inf
"cp644","sml","fall","M",0,0.93
"cp645","sml","fall","M",28.16,Inf
"cp646","sml","fall","M",0.97,1.93
"cp647","sml","fall","M",4.02,6.93
"cp648","sml","fall","M",10.1,14.01
"cp649","sml","fall","M",0,0.9
"cp650","sml","fall","M",3.05,3.99
"cp651","sml","fall","M",3.01,3.94
"cp652","sml","fall","M",4.01,6.87
"cp653","sml","fall","M",28.16,Inf
"cp654","sml","fall","M",3.02,3.83
"cp655","sml","fall","M",1.05,1.87
"cp656","sml","fall","M",0,0.94
"cp657","sml","fall","M",0,1.02
"cp658","sml","fall","M",1.98,3.06
"cp659","sml","fall","M",0,1.06
"cp660","sml","fall","M",1.06,1.82
"cp661","sml","spring","D",0,1.04
"cp662","sml","spring","D",1.07,1.94
"cp663","sml","spring","D",28.1,Inf
"cp664","sml","spring","D",0,1.06
"cp665","sml","spring","D",3.13,4.03
"cp666","sml","spring","D",3.95,7.17
"cp667","sml","spring","D",13.87,20.95
"cp668","sml","spring","D",28.1,Inf
"cp669","sml","spring","D",4.03,7.01
"cp670","sml","spring","D",0,1.06
"cp671","sml","spring","D",28.1,Inf
"cp672","sml","spring","D",0,1.01
"cp673","sml","spring","D",10.12,14.05
"cp674","sml","spring","D",1.05,2.11
"cp675","sml","spring","D",0,0.96
"cp676","sml","spring","D",0,1.07
"cp677","sml","spring","D",21.1,28
"cp678","sml","spring","D",10.08,13.99
"cp679","sml","spring","D",13.98,20.9
"cp680","sml","spring","D",14.09,20.91
"cp681","sml","summer","D",1.06,2.02
"cp682","sml","summer","D",7.1,10.16
"cp683","sml","summer","D",0,1.09
"cp684","sml","summer","D",28.12,Inf
"cp685","sml","summer","D",1.06,2.07
"cp686","sml","summer","D",0,0.98
"cp687","sml","summer","D",3.9,7.11
"cp688","sml","summer","D",0.93,1.99
"cp689","sml","summer","D",0,0.93
"cp690","sml","summer","D",20.96,27.92
"cp691","sml","summer","D",14.03,20.94
"cp692","sml","summer","D",7.06,9.98
"cp693","sml","summer","D",3.98,7.1
"cp694","sml","summer","D",7.12,9.91
"cp695","sml","summer","D",28.12,Inf
"cp696","sml","summer","D",1.04,1.91
"cp697","sml","summer","D",28.12,Inf
"cp698","sml","summer","D",21.02,28.08
"cp699","sml","summer","D",4.02,7.01
"cp700","sml","summer","D",10.01,13.97
"cp701","sml","fall","D",7.1,9.89
"cp702","sml","fall","D",3.96,7.12
"cp703","sml","fall","D",0.82,2.01
"cp704","sml","fall","D",4.13,6.99
"cp705","sml","fall","D",21.04,27.96
"cp706","sml","fall","D",20.99,28.05
"cp707","sml","fall","D",28.19,Inf
"cp708","sml","fall","D",28.19,Inf
"cp709","sml","fall","D",3.89,7.09
"cp710","sml","fall","D",0,1.09
"cp711","sml","fall","D",13.96,20.83
"cp712","sml","fall","D",0,0.89
"cp713","sml","fall","D",2.85,3.94
"cp714","sml","fall","D",2.05,3.05
"cp715","sml","fall","D",1.05,1.96
"cp716","sml","fall","D",10.17,14
"cp717","sml","fall","D",28.19,Inf
"cp718","sml","fall","D",0,1.08
"cp719","sml","fall","D",0.96,1.95
"cp720","sml","fall","D",1.06,2.01
