ID,PlacedDate,PlacedTime,Visibility,Season,GroundCover,Size,LastPresentDate,LastPresentTime,FirstAbsentDate,FirstAbsentTime
1,1/1/2001,12:00:00,L,WS,A,S,1/1/2001,12:00:00,1/2/2001,12:00:00
3,1/1/2001,12:00:00,L,WS,B,S,1/1/2001,12:00:00,1/2/2001,12:00:00
41,1/1/2001,12:00:00,M,WS,A,S,1/1/2001,12:00:00,1/2/2001,12:00:00
42,1/1/2001,12:00:00,M,WS,A,S,1/1/2001,12:00:00,1/2/2001,12:00:00
43,1/1/2001,12:00:00,M,WS,B,S,1/1/2001,12:00:00,1/2/2001,12:00:00
81,1/1/2001,12:00:00,H,WS,B,S,1/1/2001,12:00:00,1/2/2001,12:00:00
82,1/1/2001,12:00:00,H,WS,B,S,1/1/2001,12:00:00,1/2/2001,12:00:00
83,1/1/2001,12:00:00,H,WS,A,S,1/1/2001,12:00:00,1/2/2001,12:00:00
121,1/1/2001,12:00:00,L,WS,A,L,1/1/2001,12:00:00,1/2/2001,12:00:00
123,1/1/2001,12:00:00,L,WS,B,L,1/1/2001,12:00:00,1/2/2001,12:00:00
161,1/1/2001,12:00:00,M,WS,A,L,1/1/2001,12:00:00,1/2/2001,12:00:00
162,1/1/2001,12:00:00,M,WS,A,L,1/1/2001,12:00:00,1/2/2001,12:00:00
163,1/1/2001,12:00:00,M,WS,B,L,1/1/2001,12:00:00,1/2/2001,12:00:00
201,1/1/2001,12:00:00,H,WS,B,L,1/1/2001,12:00:00,1/2/2001,12:00:00
202,1/1/2001,12:00:00,H,WS,B,L,1/1/2001,12:00:00,1/2/2001,12:00:00
203,1/1/2001,12:00:00,H,WS,A,L,1/1/2001,12:00:00,1/2/2001,12:00:00
1,1/1/2001,12:00:00,L,WS,A,M,1/1/2001,12:00:00,1/2/2001,12:00:00
3,1/1/2001,12:00:00,L,WS,B,M,1/1/2001,12:00:00,1/2/2001,12:00:00
41,1/1/2001,12:00:00,M,WS,A,M,1/1/2001,12:00:00,1/2/2001,12:00:00
42,1/1/2001,12:00:00,M,WS,A,M,1/1/2001,12:00:00,1/2/2001,12:00:00
43,1/1/2001,12:00:00,M,WS,B,M,1/1/2001,12:00:00,1/2/2001,12:00:00
81,1/1/2001,12:00:00,H,WS,B,M,1/1/2001,12:00:00,1/2/2001,12:00:00
82,1/1/2001,12:00:00,H,WS,B,M,1/1/2001,12:00:00,1/2/2001,12:00:00
83,1/1/2001,12:00:00,H,WS,A,M,1/1/2001,12:00:00,1/2/2001,12:00:00
121,1/1/2001,12:00:00,L,WS,A,XL,1/1/2001,12:00:00,1/2/2001,12:00:00
123,1/1/2001,12:00:00,L,WS,B,XL,1/1/2001,12:00:00,1/2/2001,12:00:00
161,1/1/2001,12:00:00,M,WS,A,XL,1/1/2001,12:00:00,1/2/2001,12:00:00
162,1/1/2001,12:00:00,M,WS,A,XL,1/1/2001,12:00:00,1/2/2001,12:00:00
163,1/1/2001,12:00:00,M,WS,B,XL,1/1/2001,12:00:00,1/2/2001,12:00:00
201,1/1/2001,12:00:00,H,WS,B,XL,1/1/2001,12:00:00,1/2/2001,12:00:00
202,1/1/2001,12:00:00,H,WS,B,XL,1/1/2001,12:00:00,1/2/2001,12:00:00
203,1/1/2001,12:00:00,H,WS,A,XL,1/1/2001,12:00:00,1/2/2001,12:00:00
2,1/1/2001,12:00:00,L,WS,B,S,1/2/2001,12:00:00,1/3/2001,12:00:00
4,1/1/2001,12:00:00,L,WS,A,S,1/2/2001,12:00:00,1/3/2001,12:00:00
5,1/1/2001,12:00:00,L,WS,A,S,1/2/2001,12:00:00,1/3/2001,12:00:00
21,1/1/2001,12:00:00,L,SF,B,S,1/2/2001,12:00:00,1/3/2001,12:00:00
44,1/1/2001,12:00:00,M,WS,B,S,1/2/2001,12:00:00,1/3/2001,12:00:00
45,1/1/2001,12:00:00,M,WS,B,S,1/2/2001,12:00:00,1/3/2001,12:00:00
46,1/1/2001,12:00:00,M,WS,B,S,1/2/2001,12:00:00,1/3/2001,12:00:00
61,1/1/2001,12:00:00,M,SF,A,S,1/2/2001,12:00:00,1/3/2001,12:00:00
62,1/1/2001,12:00:00,M,SF,B,S,1/2/2001,12:00:00,1/3/2001,12:00:00
84,1/1/2001,12:00:00,H,WS,A,S,1/2/2001,12:00:00,1/3/2001,12:00:00
85,1/1/2001,12:00:00,H,WS,A,S,1/2/2001,12:00:00,1/3/2001,12:00:00
86,1/1/2001,12:00:00,H,WS,B,S,1/2/2001,12:00:00,1/3/2001,12:00:00
101,1/1/2001,12:00:00,H,SF,A,S,1/2/2001,12:00:00,1/3/2001,12:00:00
102,1/1/2001,12:00:00,H,SF,A,S,1/2/2001,12:00:00,1/3/2001,12:00:00
122,1/1/2001,12:00:00,L,WS,B,L,1/2/2001,12:00:00,1/3/2001,12:00:00
124,1/1/2001,12:00:00,L,WS,A,L,1/2/2001,12:00:00,1/3/2001,12:00:00
125,1/1/2001,12:00:00,L,WS,A,L,1/2/2001,12:00:00,1/3/2001,12:00:00
141,1/1/2001,12:00:00,L,SF,B,L,1/2/2001,12:00:00,1/3/2001,12:00:00
164,1/1/2001,12:00:00,M,WS,B,L,1/2/2001,12:00:00,1/3/2001,12:00:00
181,1/1/2001,12:00:00,M,SF,A,L,1/2/2001,12:00:00,1/3/2001,12:00:00
182,1/1/2001,12:00:00,M,SF,B,L,1/2/2001,12:00:00,1/3/2001,12:00:00
204,1/1/2001,12:00:00,H,WS,A,L,1/2/2001,12:00:00,1/3/2001,12:00:00
205,1/1/2001,12:00:00,H,WS,A,L,1/2/2001,12:00:00,1/3/2001,12:00:00
206,1/1/2001,12:00:00,H,WS,B,L,1/2/2001,12:00:00,1/3/2001,12:00:00
221,1/1/2001,12:00:00,H,SF,A,L,1/2/2001,12:00:00,1/3/2001,12:00:00
222,1/1/2001,12:00:00,H,SF,A,L,1/2/2001,12:00:00,1/3/2001,12:00:00
2,1/1/2001,12:00:00,L,WS,B,M,1/2/2001,12:00:00,1/3/2001,12:00:00
4,1/1/2001,12:00:00,L,WS,A,M,1/2/2001,12:00:00,1/3/2001,12:00:00
5,1/1/2001,12:00:00,L,WS,A,M,1/2/2001,12:00:00,1/3/2001,12:00:00
21,1/1/2001,12:00:00,L,SF,B,M,1/2/2001,12:00:00,1/3/2001,12:00:00
44,1/1/2001,12:00:00,M,WS,B,M,1/2/2001,12:00:00,1/3/2001,12:00:00
45,1/1/2001,12:00:00,M,WS,B,M,1/2/2001,12:00:00,1/3/2001,12:00:00
46,1/1/2001,12:00:00,M,WS,B,M,1/2/2001,12:00:00,1/3/2001,12:00:00
61,1/1/2001,12:00:00,M,SF,A,M,1/2/2001,12:00:00,1/3/2001,12:00:00
62,1/1/2001,12:00:00,M,SF,B,M,1/2/2001,12:00:00,1/3/2001,12:00:00
84,1/1/2001,12:00:00,H,WS,A,M,1/2/2001,12:00:00,1/3/2001,12:00:00
85,1/1/2001,12:00:00,H,WS,A,M,1/2/2001,12:00:00,1/3/2001,12:00:00
86,1/1/2001,12:00:00,H,WS,B,M,1/2/2001,12:00:00,1/3/2001,12:00:00
101,1/1/2001,12:00:00,H,SF,A,M,1/2/2001,12:00:00,1/3/2001,12:00:00
102,1/1/2001,12:00:00,H,SF,A,M,1/2/2001,12:00:00,1/3/2001,12:00:00
122,1/1/2001,12:00:00,L,WS,B,XL,1/2/2001,12:00:00,1/3/2001,12:00:00
124,1/1/2001,12:00:00,L,WS,A,XL,1/2/2001,12:00:00,1/3/2001,12:00:00
125,1/1/2001,12:00:00,L,WS,A,XL,1/2/2001,12:00:00,1/3/2001,12:00:00
141,1/1/2001,12:00:00,L,SF,B,XL,1/2/2001,12:00:00,1/3/2001,12:00:00
164,1/1/2001,12:00:00,M,WS,B,XL,1/2/2001,12:00:00,1/3/2001,12:00:00
181,1/1/2001,12:00:00,M,SF,A,XL,1/2/2001,12:00:00,1/3/2001,12:00:00
182,1/1/2001,12:00:00,M,SF,B,XL,1/2/2001,12:00:00,1/3/2001,12:00:00
204,1/1/2001,12:00:00,H,WS,A,XL,1/2/2001,12:00:00,1/3/2001,12:00:00
205,1/1/2001,12:00:00,H,WS,A,XL,1/2/2001,12:00:00,1/3/2001,12:00:00
206,1/1/2001,12:00:00,H,WS,B,XL,1/2/2001,12:00:00,1/3/2001,12:00:00
221,1/1/2001,12:00:00,H,SF,A,XL,1/2/2001,12:00:00,1/3/2001,12:00:00
222,1/1/2001,12:00:00,H,SF,A,XL,1/2/2001,12:00:00,1/3/2001,12:00:00
6,1/1/2001,12:00:00,L,WS,A,S,1/3/2001,12:00:00,1/4/2001,12:00:00
7,1/1/2001,12:00:00,L,WS,B,S,1/3/2001,12:00:00,1/4/2001,12:00:00
47,1/1/2001,12:00:00,M,WS,A,S,1/3/2001,12:00:00,1/4/2001,12:00:00
87,1/1/2001,12:00:00,H,WS,B,S,1/3/2001,12:00:00,1/4/2001,12:00:00
88,1/1/2001,12:00:00,H,WS,A,S,1/3/2001,12:00:00,1/4/2001,12:00:00
165,1/1/2001,12:00:00,M,WS,B,L,1/3/2001,12:00:00,1/4/2001,12:00:00
166,1/1/2001,12:00:00,M,WS,B,L,1/3/2001,12:00:00,1/4/2001,12:00:00
167,1/1/2001,12:00:00,M,WS,A,L,1/3/2001,12:00:00,1/4/2001,12:00:00
207,1/1/2001,12:00:00,H,WS,B,L,1/3/2001,12:00:00,1/4/2001,12:00:00
208,1/1/2001,12:00:00,H,WS,A,L,1/3/2001,12:00:00,1/4/2001,12:00:00
6,1/1/2001,12:00:00,L,WS,A,M,1/3/2001,12:00:00,1/4/2001,12:00:00
7,1/1/2001,12:00:00,L,WS,B,M,1/3/2001,12:00:00,1/4/2001,12:00:00
47,1/1/2001,12:00:00,M,WS,A,M,1/3/2001,12:00:00,1/4/2001,12:00:00
87,1/1/2001,12:00:00,H,WS,B,M,1/3/2001,12:00:00,1/4/2001,12:00:00
88,1/1/2001,12:00:00,H,WS,A,M,1/3/2001,12:00:00,1/4/2001,12:00:00
165,1/1/2001,12:00:00,M,WS,B,XL,1/3/2001,12:00:00,1/4/2001,12:00:00
166,1/1/2001,12:00:00,M,WS,B,XL,1/3/2001,12:00:00,1/4/2001,12:00:00
167,1/1/2001,12:00:00,M,WS,A,XL,1/3/2001,12:00:00,1/4/2001,12:00:00
207,1/1/2001,12:00:00,H,WS,B,XL,1/3/2001,12:00:00,1/4/2001,12:00:00
208,1/1/2001,12:00:00,H,WS,A,XL,1/3/2001,12:00:00,1/4/2001,12:00:00
8,1/1/2001,12:00:00,L,WS,B,S,1/4/2001,12:00:00,1/8/2001,12:00:00
9,1/1/2001,12:00:00,L,WS,B,S,1/4/2001,12:00:00,1/8/2001,12:00:00
22,1/1/2001,12:00:00,L,SF,B,S,1/4/2001,12:00:00,1/8/2001,12:00:00
23,1/1/2001,12:00:00,L,SF,A,S,1/4/2001,12:00:00,1/8/2001,12:00:00
48,1/1/2001,12:00:00,M,WS,A,S,1/4/2001,12:00:00,1/8/2001,12:00:00
49,1/1/2001,12:00:00,M,WS,A,S,1/4/2001,12:00:00,1/8/2001,12:00:00
50,1/1/2001,12:00:00,M,WS,B,S,1/4/2001,12:00:00,1/8/2001,12:00:00
51,1/1/2001,12:00:00,M,WS,B,S,1/4/2001,12:00:00,1/8/2001,12:00:00
52,1/1/2001,12:00:00,M,WS,A,S,1/4/2001,12:00:00,1/8/2001,12:00:00
63,1/1/2001,12:00:00,M,SF,B,S,1/4/2001,12:00:00,1/8/2001,12:00:00
64,1/1/2001,12:00:00,M,SF,A,S,1/4/2001,12:00:00,1/8/2001,12:00:00
65,1/1/2001,12:00:00,M,SF,A,S,1/4/2001,12:00:00,1/8/2001,12:00:00
89,1/1/2001,12:00:00,H,WS,A,S,1/4/2001,12:00:00,1/8/2001,12:00:00
90,1/1/2001,12:00:00,H,WS,A,S,1/4/2001,12:00:00,1/8/2001,12:00:00
91,1/1/2001,12:00:00,H,WS,B,S,1/4/2001,12:00:00,1/8/2001,12:00:00
103,1/1/2001,12:00:00,H,SF,B,S,1/4/2001,12:00:00,1/8/2001,12:00:00
104,1/1/2001,12:00:00,H,SF,B,S,1/4/2001,12:00:00,1/8/2001,12:00:00
126,1/1/2001,12:00:00,L,WS,A,L,1/4/2001,12:00:00,1/8/2001,12:00:00
127,1/1/2001,12:00:00,L,WS,B,L,1/4/2001,12:00:00,1/8/2001,12:00:00
128,1/1/2001,12:00:00,L,WS,B,L,1/4/2001,12:00:00,1/8/2001,12:00:00
142,1/1/2001,12:00:00,L,SF,B,L,1/4/2001,12:00:00,1/8/2001,12:00:00
143,1/1/2001,12:00:00,L,SF,A,L,1/4/2001,12:00:00,1/8/2001,12:00:00
168,1/1/2001,12:00:00,M,WS,A,L,1/4/2001,12:00:00,1/8/2001,12:00:00
169,1/1/2001,12:00:00,M,WS,A,L,1/4/2001,12:00:00,1/8/2001,12:00:00
170,1/1/2001,12:00:00,M,WS,B,L,1/4/2001,12:00:00,1/8/2001,12:00:00
183,1/1/2001,12:00:00,M,SF,B,L,1/4/2001,12:00:00,1/8/2001,12:00:00
184,1/1/2001,12:00:00,M,SF,A,L,1/4/2001,12:00:00,1/8/2001,12:00:00
209,1/1/2001,12:00:00,H,WS,A,L,1/4/2001,12:00:00,1/8/2001,12:00:00
210,1/1/2001,12:00:00,H,WS,A,L,1/4/2001,12:00:00,1/8/2001,12:00:00
211,1/1/2001,12:00:00,H,WS,B,L,1/4/2001,12:00:00,1/8/2001,12:00:00
223,1/1/2001,12:00:00,H,SF,B,L,1/4/2001,12:00:00,1/8/2001,12:00:00
224,1/1/2001,12:00:00,H,SF,B,L,1/4/2001,12:00:00,1/8/2001,12:00:00
8,1/1/2001,12:00:00,L,WS,B,M,1/4/2001,12:00:00,1/8/2001,12:00:00
9,1/1/2001,12:00:00,L,WS,B,M,1/4/2001,12:00:00,1/8/2001,12:00:00
22,1/1/2001,12:00:00,L,SF,B,M,1/4/2001,12:00:00,1/8/2001,12:00:00
23,1/1/2001,12:00:00,L,SF,A,M,1/4/2001,12:00:00,1/8/2001,12:00:00
48,1/1/2001,12:00:00,M,WS,A,M,1/4/2001,12:00:00,1/8/2001,12:00:00
49,1/1/2001,12:00:00,M,WS,A,M,1/4/2001,12:00:00,1/8/2001,12:00:00
50,1/1/2001,12:00:00,M,WS,B,M,1/4/2001,12:00:00,1/8/2001,12:00:00
51,1/1/2001,12:00:00,M,WS,B,M,1/4/2001,12:00:00,1/8/2001,12:00:00
52,1/1/2001,12:00:00,M,WS,A,M,1/4/2001,12:00:00,1/8/2001,12:00:00
63,1/1/2001,12:00:00,M,SF,B,M,1/4/2001,12:00:00,1/8/2001,12:00:00
64,1/1/2001,12:00:00,M,SF,A,M,1/4/2001,12:00:00,1/8/2001,12:00:00
65,1/1/2001,12:00:00,M,SF,A,M,1/4/2001,12:00:00,1/8/2001,12:00:00
89,1/1/2001,12:00:00,H,WS,A,M,1/4/2001,12:00:00,1/8/2001,12:00:00
90,1/1/2001,12:00:00,H,WS,A,M,1/4/2001,12:00:00,1/8/2001,12:00:00
91,1/1/2001,12:00:00,H,WS,B,M,1/4/2001,12:00:00,1/8/2001,12:00:00
103,1/1/2001,12:00:00,H,SF,B,M,1/4/2001,12:00:00,1/8/2001,12:00:00
104,1/1/2001,12:00:00,H,SF,B,M,1/4/2001,12:00:00,1/8/2001,12:00:00
126,1/1/2001,12:00:00,L,WS,A,XL,1/4/2001,12:00:00,1/8/2001,12:00:00
127,1/1/2001,12:00:00,L,WS,B,XL,1/4/2001,12:00:00,1/8/2001,12:00:00
128,1/1/2001,12:00:00,L,WS,B,XL,1/4/2001,12:00:00,1/8/2001,12:00:00
142,1/1/2001,12:00:00,L,SF,B,XL,1/4/2001,12:00:00,1/8/2001,12:00:00
143,1/1/2001,12:00:00,L,SF,A,XL,1/4/2001,12:00:00,1/8/2001,12:00:00
168,1/1/2001,12:00:00,M,WS,A,XL,1/4/2001,12:00:00,1/8/2001,12:00:00
169,1/1/2001,12:00:00,M,WS,A,XL,1/4/2001,12:00:00,1/8/2001,12:00:00
170,1/1/2001,12:00:00,M,WS,B,XL,1/4/2001,12:00:00,1/8/2001,12:00:00
183,1/1/2001,12:00:00,M,SF,B,XL,1/4/2001,12:00:00,1/8/2001,12:00:00
184,1/1/2001,12:00:00,M,SF,A,XL,1/4/2001,12:00:00,1/8/2001,12:00:00
209,1/1/2001,12:00:00,H,WS,A,XL,1/4/2001,12:00:00,1/8/2001,12:00:00
210,1/1/2001,12:00:00,H,WS,A,XL,1/4/2001,12:00:00,1/8/2001,12:00:00
211,1/1/2001,12:00:00,H,WS,B,XL,1/4/2001,12:00:00,1/8/2001,12:00:00
223,1/1/2001,12:00:00,H,SF,B,XL,1/4/2001,12:00:00,1/8/2001,12:00:00
224,1/1/2001,12:00:00,H,SF,B,XL,1/4/2001,12:00:00,1/8/2001,12:00:00
10,1/1/2001,12:00:00,L,WS,B,S,1/8/2001,12:00:00,1/11/2001,12:00:00
11,1/1/2001,12:00:00,L,WS,A,S,1/8/2001,12:00:00,1/11/2001,12:00:00
24,1/1/2001,12:00:00,L,SF,A,S,1/8/2001,12:00:00,1/11/2001,12:00:00
25,1/1/2001,12:00:00,L,SF,A,S,1/8/2001,12:00:00,1/11/2001,12:00:00
26,1/1/2001,12:00:00,L,SF,B,S,1/8/2001,12:00:00,1/11/2001,12:00:00
53,1/1/2001,12:00:00,M,WS,A,S,1/8/2001,12:00:00,1/11/2001,12:00:00
66,1/1/2001,12:00:00,M,SF,A,S,1/8/2001,12:00:00,1/11/2001,12:00:00
92,1/1/2001,12:00:00,H,WS,B,S,1/8/2001,12:00:00,1/11/2001,12:00:00
93,1/1/2001,12:00:00,H,WS,B,S,1/8/2001,12:00:00,1/11/2001,12:00:00
105,1/1/2001,12:00:00,H,SF,B,S,1/8/2001,12:00:00,1/11/2001,12:00:00
106,1/1/2001,12:00:00,H,SF,B,S,1/8/2001,12:00:00,1/11/2001,12:00:00
129,1/1/2001,12:00:00,L,WS,B,L,1/8/2001,12:00:00,1/11/2001,12:00:00
130,1/1/2001,12:00:00,L,WS,B,L,1/8/2001,12:00:00,1/11/2001,12:00:00
144,1/1/2001,12:00:00,L,SF,A,L,1/8/2001,12:00:00,1/11/2001,12:00:00
145,1/1/2001,12:00:00,L,SF,A,L,1/8/2001,12:00:00,1/11/2001,12:00:00
146,1/1/2001,12:00:00,L,SF,B,L,1/8/2001,12:00:00,1/11/2001,12:00:00
171,1/1/2001,12:00:00,M,WS,B,L,1/8/2001,12:00:00,1/11/2001,12:00:00
172,1/1/2001,12:00:00,M,WS,A,L,1/8/2001,12:00:00,1/11/2001,12:00:00
173,1/1/2001,12:00:00,M,WS,A,L,1/8/2001,12:00:00,1/11/2001,12:00:00
185,1/1/2001,12:00:00,M,SF,A,L,1/8/2001,12:00:00,1/11/2001,12:00:00
186,1/1/2001,12:00:00,M,SF,A,L,1/8/2001,12:00:00,1/11/2001,12:00:00
187,1/1/2001,12:00:00,M,SF,B,L,1/8/2001,12:00:00,1/11/2001,12:00:00
212,1/1/2001,12:00:00,H,WS,B,L,1/8/2001,12:00:00,1/11/2001,12:00:00
225,1/1/2001,12:00:00,H,SF,B,L,1/8/2001,12:00:00,1/11/2001,12:00:00
226,1/1/2001,12:00:00,H,SF,B,L,1/8/2001,12:00:00,1/11/2001,12:00:00
10,1/1/2001,12:00:00,L,WS,B,M,1/8/2001,12:00:00,1/11/2001,12:00:00
11,1/1/2001,12:00:00,L,WS,A,M,1/8/2001,12:00:00,1/11/2001,12:00:00
24,1/1/2001,12:00:00,L,SF,A,M,1/8/2001,12:00:00,1/11/2001,12:00:00
25,1/1/2001,12:00:00,L,SF,A,M,1/8/2001,12:00:00,1/11/2001,12:00:00
26,1/1/2001,12:00:00,L,SF,B,M,1/8/2001,12:00:00,1/11/2001,12:00:00
53,1/1/2001,12:00:00,M,WS,A,M,1/8/2001,12:00:00,1/11/2001,12:00:00
66,1/1/2001,12:00:00,M,SF,A,M,1/8/2001,12:00:00,1/11/2001,12:00:00
92,1/1/2001,12:00:00,H,WS,B,M,1/8/2001,12:00:00,1/11/2001,12:00:00
93,1/1/2001,12:00:00,H,WS,B,M,1/8/2001,12:00:00,1/11/2001,12:00:00
105,1/1/2001,12:00:00,H,SF,B,M,1/8/2001,12:00:00,1/11/2001,12:00:00
106,1/1/2001,12:00:00,H,SF,B,M,1/8/2001,12:00:00,1/11/2001,12:00:00
129,1/1/2001,12:00:00,L,WS,B,XL,1/8/2001,12:00:00,1/11/2001,12:00:00
130,1/1/2001,12:00:00,L,WS,B,XL,1/8/2001,12:00:00,1/11/2001,12:00:00
144,1/1/2001,12:00:00,L,SF,A,XL,1/8/2001,12:00:00,1/11/2001,12:00:00
145,1/1/2001,12:00:00,L,SF,A,XL,1/8/2001,12:00:00,1/11/2001,12:00:00
146,1/1/2001,12:00:00,L,SF,B,XL,1/8/2001,12:00:00,1/11/2001,12:00:00
171,1/1/2001,12:00:00,M,WS,B,XL,1/8/2001,12:00:00,1/11/2001,12:00:00
172,1/1/2001,12:00:00,M,WS,A,XL,1/8/2001,12:00:00,1/11/2001,12:00:00
173,1/1/2001,12:00:00,M,WS,A,XL,1/8/2001,12:00:00,1/11/2001,12:00:00
185,1/1/2001,12:00:00,M,SF,A,XL,1/8/2001,12:00:00,1/11/2001,12:00:00
186,1/1/2001,12:00:00,M,SF,A,XL,1/8/2001,12:00:00,1/11/2001,12:00:00
187,1/1/2001,12:00:00,M,SF,B,XL,1/8/2001,12:00:00,1/11/2001,12:00:00
212,1/1/2001,12:00:00,H,WS,B,XL,1/8/2001,12:00:00,1/11/2001,12:00:00
225,1/1/2001,12:00:00,H,SF,B,XL,1/8/2001,12:00:00,1/11/2001,12:00:00
226,1/1/2001,12:00:00,H,SF,B,XL,1/8/2001,12:00:00,1/11/2001,12:00:00
12,1/1/2001,12:00:00,L,WS,A,S,1/11/2001,12:00:00,1/15/2001,12:00:00
13,1/1/2001,12:00:00,L,WS,A,S,1/11/2001,12:00:00,1/15/2001,12:00:00
27,1/1/2001,12:00:00,L,SF,B,S,1/11/2001,12:00:00,1/15/2001,12:00:00
28,1/1/2001,12:00:00,L,SF,A,S,1/11/2001,12:00:00,1/15/2001,12:00:00
29,1/1/2001,12:00:00,L,SF,A,S,1/11/2001,12:00:00,1/15/2001,12:00:00
54,1/1/2001,12:00:00,M,WS,A,S,1/11/2001,12:00:00,1/15/2001,12:00:00
55,1/1/2001,12:00:00,M,WS,B,S,1/11/2001,12:00:00,1/15/2001,12:00:00
67,1/1/2001,12:00:00,M,SF,B,S,1/11/2001,12:00:00,1/15/2001,12:00:00
68,1/1/2001,12:00:00,M,SF,B,S,1/11/2001,12:00:00,1/15/2001,12:00:00
69,1/1/2001,12:00:00,M,SF,B,S,1/11/2001,12:00:00,1/15/2001,12:00:00
70,1/1/2001,12:00:00,M,SF,B,S,1/11/2001,12:00:00,1/15/2001,12:00:00
94,1/1/2001,12:00:00,H,WS,B,S,1/11/2001,12:00:00,1/15/2001,12:00:00
95,1/1/2001,12:00:00,H,WS,A,S,1/11/2001,12:00:00,1/15/2001,12:00:00
107,1/1/2001,12:00:00,H,SF,A,S,1/11/2001,12:00:00,1/15/2001,12:00:00
108,1/1/2001,12:00:00,H,SF,A,S,1/11/2001,12:00:00,1/15/2001,12:00:00
109,1/1/2001,12:00:00,H,SF,A,S,1/11/2001,12:00:00,1/15/2001,12:00:00
110,1/1/2001,12:00:00,H,SF,B,S,1/11/2001,12:00:00,1/15/2001,12:00:00
111,1/1/2001,12:00:00,H,SF,B,S,1/11/2001,12:00:00,1/15/2001,12:00:00
131,1/1/2001,12:00:00,L,WS,A,L,1/11/2001,12:00:00,1/15/2001,12:00:00
132,1/1/2001,12:00:00,L,WS,A,L,1/11/2001,12:00:00,1/15/2001,12:00:00
147,1/1/2001,12:00:00,L,SF,B,L,1/11/2001,12:00:00,1/15/2001,12:00:00
148,1/1/2001,12:00:00,L,SF,A,L,1/11/2001,12:00:00,1/15/2001,12:00:00
149,1/1/2001,12:00:00,L,SF,A,L,1/11/2001,12:00:00,1/15/2001,12:00:00
188,1/1/2001,12:00:00,M,SF,B,L,1/11/2001,12:00:00,1/15/2001,12:00:00
189,1/1/2001,12:00:00,M,SF,B,L,1/11/2001,12:00:00,1/15/2001,12:00:00
213,1/1/2001,12:00:00,H,WS,B,L,1/11/2001,12:00:00,1/15/2001,12:00:00
214,1/1/2001,12:00:00,H,WS,B,L,1/11/2001,12:00:00,1/15/2001,12:00:00
215,1/1/2001,12:00:00,H,WS,A,L,1/11/2001,12:00:00,1/15/2001,12:00:00
227,1/1/2001,12:00:00,H,SF,A,L,1/11/2001,12:00:00,1/15/2001,12:00:00
228,1/1/2001,12:00:00,H,SF,A,L,1/11/2001,12:00:00,1/15/2001,12:00:00
12,1/1/2001,12:00:00,L,WS,A,M,1/11/2001,12:00:00,1/15/2001,12:00:00
13,1/1/2001,12:00:00,L,WS,A,M,1/11/2001,12:00:00,1/15/2001,12:00:00
27,1/1/2001,12:00:00,L,SF,B,M,1/11/2001,12:00:00,1/15/2001,12:00:00
28,1/1/2001,12:00:00,L,SF,A,M,1/11/2001,12:00:00,1/15/2001,12:00:00
29,1/1/2001,12:00:00,L,SF,A,M,1/11/2001,12:00:00,1/15/2001,12:00:00
54,1/1/2001,12:00:00,M,WS,A,M,1/11/2001,12:00:00,1/15/2001,12:00:00
55,1/1/2001,12:00:00,M,WS,B,M,1/11/2001,12:00:00,1/15/2001,12:00:00
67,1/1/2001,12:00:00,M,SF,B,M,1/11/2001,12:00:00,1/15/2001,12:00:00
68,1/1/2001,12:00:00,M,SF,B,M,1/11/2001,12:00:00,1/15/2001,12:00:00
69,1/1/2001,12:00:00,M,SF,B,M,1/11/2001,12:00:00,1/15/2001,12:00:00
70,1/1/2001,12:00:00,M,SF,B,M,1/11/2001,12:00:00,1/15/2001,12:00:00
94,1/1/2001,12:00:00,H,WS,B,M,1/11/2001,12:00:00,1/15/2001,12:00:00
95,1/1/2001,12:00:00,H,WS,A,M,1/11/2001,12:00:00,1/15/2001,12:00:00
107,1/1/2001,12:00:00,H,SF,A,M,1/11/2001,12:00:00,1/15/2001,12:00:00
108,1/1/2001,12:00:00,H,SF,A,M,1/11/2001,12:00:00,1/15/2001,12:00:00
109,1/1/2001,12:00:00,H,SF,A,M,1/11/2001,12:00:00,1/15/2001,12:00:00
110,1/1/2001,12:00:00,H,SF,B,M,1/11/2001,12:00:00,1/15/2001,12:00:00
111,1/1/2001,12:00:00,H,SF,B,M,1/11/2001,12:00:00,1/15/2001,12:00:00
131,1/1/2001,12:00:00,L,WS,A,XL,1/11/2001,12:00:00,1/15/2001,12:00:00
132,1/1/2001,12:00:00,L,WS,A,XL,1/11/2001,12:00:00,1/15/2001,12:00:00
147,1/1/2001,12:00:00,L,SF,B,XL,1/11/2001,12:00:00,1/15/2001,12:00:00
148,1/1/2001,12:00:00,L,SF,A,XL,1/11/2001,12:00:00,1/15/2001,12:00:00
149,1/1/2001,12:00:00,L,SF,A,XL,1/11/2001,12:00:00,1/15/2001,12:00:00
188,1/1/2001,12:00:00,M,SF,B,XL,1/11/2001,12:00:00,1/15/2001,12:00:00
189,1/1/2001,12:00:00,M,SF,B,XL,1/11/2001,12:00:00,1/15/2001,12:00:00
213,1/1/2001,12:00:00,H,WS,B,XL,1/11/2001,12:00:00,1/15/2001,12:00:00
214,1/1/2001,12:00:00,H,WS,B,XL,1/11/2001,12:00:00,1/15/2001,12:00:00
215,1/1/2001,12:00:00,H,WS,A,XL,1/11/2001,12:00:00,1/15/2001,12:00:00
227,1/1/2001,12:00:00,H,SF,A,XL,1/11/2001,12:00:00,1/15/2001,12:00:00
228,1/1/2001,12:00:00,H,SF,A,XL,1/11/2001,12:00:00,1/15/2001,12:00:00
14,1/1/2001,12:00:00,L,WS,B,S,1/15/2001,12:00:00,1/22/2001,12:00:00
15,1/1/2001,12:00:00,L,WS,B,S,1/15/2001,12:00:00,1/22/2001,12:00:00
16,1/1/2001,12:00:00,L,WS,A,S,1/15/2001,12:00:00,1/22/2001,12:00:00
30,1/1/2001,12:00:00,L,SF,A,S,1/15/2001,12:00:00,1/22/2001,12:00:00
31,1/1/2001,12:00:00,L,SF,B,S,1/15/2001,12:00:00,1/22/2001,12:00:00
32,1/1/2001,12:00:00,L,SF,B,S,1/15/2001,12:00:00,1/22/2001,12:00:00
33,1/1/2001,12:00:00,L,SF,B,S,1/15/2001,12:00:00,1/22/2001,12:00:00
34,1/1/2001,12:00:00,L,SF,B,S,1/15/2001,12:00:00,1/22/2001,12:00:00
56,1/1/2001,12:00:00,M,WS,B,S,1/15/2001,12:00:00,1/22/2001,12:00:00
57,1/1/2001,12:00:00,M,WS,B,S,1/15/2001,12:00:00,1/22/2001,12:00:00
71,1/1/2001,12:00:00,M,SF,A,S,1/15/2001,12:00:00,1/22/2001,12:00:00
72,1/1/2001,12:00:00,M,SF,A,S,1/15/2001,12:00:00,1/22/2001,12:00:00
73,1/1/2001,12:00:00,M,SF,A,S,1/15/2001,12:00:00,1/22/2001,12:00:00
74,1/1/2001,12:00:00,M,SF,B,S,1/15/2001,12:00:00,1/22/2001,12:00:00
75,1/1/2001,12:00:00,M,SF,B,S,1/15/2001,12:00:00,1/22/2001,12:00:00
96,1/1/2001,12:00:00,H,WS,A,S,1/15/2001,12:00:00,1/22/2001,12:00:00
97,1/1/2001,12:00:00,H,WS,A,S,1/15/2001,12:00:00,1/22/2001,12:00:00
112,1/1/2001,12:00:00,H,SF,A,S,1/15/2001,12:00:00,1/22/2001,12:00:00
113,1/1/2001,12:00:00,H,SF,A,S,1/15/2001,12:00:00,1/22/2001,12:00:00
114,1/1/2001,12:00:00,H,SF,A,S,1/15/2001,12:00:00,1/22/2001,12:00:00
115,1/1/2001,12:00:00,H,SF,B,S,1/15/2001,12:00:00,1/22/2001,12:00:00
133,1/1/2001,12:00:00,L,WS,A,L,1/15/2001,12:00:00,1/22/2001,12:00:00
134,1/1/2001,12:00:00,L,WS,B,L,1/15/2001,12:00:00,1/22/2001,12:00:00
150,1/1/2001,12:00:00,L,SF,A,L,1/15/2001,12:00:00,1/22/2001,12:00:00
151,1/1/2001,12:00:00,L,SF,B,L,1/15/2001,12:00:00,1/22/2001,12:00:00
152,1/1/2001,12:00:00,L,SF,B,L,1/15/2001,12:00:00,1/22/2001,12:00:00
174,1/1/2001,12:00:00,M,WS,A,L,1/15/2001,12:00:00,1/22/2001,12:00:00
175,1/1/2001,12:00:00,M,WS,B,L,1/15/2001,12:00:00,1/22/2001,12:00:00
176,1/1/2001,12:00:00,M,WS,B,L,1/15/2001,12:00:00,1/22/2001,12:00:00
177,1/1/2001,12:00:00,M,WS,B,L,1/15/2001,12:00:00,1/22/2001,12:00:00
190,1/1/2001,12:00:00,M,SF,B,L,1/15/2001,12:00:00,1/22/2001,12:00:00
191,1/1/2001,12:00:00,M,SF,A,L,1/15/2001,12:00:00,1/22/2001,12:00:00
192,1/1/2001,12:00:00,M,SF,A,L,1/15/2001,12:00:00,1/22/2001,12:00:00
193,1/1/2001,12:00:00,M,SF,A,L,1/15/2001,12:00:00,1/22/2001,12:00:00
216,1/1/2001,12:00:00,H,WS,A,L,1/15/2001,12:00:00,1/22/2001,12:00:00
217,1/1/2001,12:00:00,H,WS,A,L,1/15/2001,12:00:00,1/22/2001,12:00:00
229,1/1/2001,12:00:00,H,SF,A,L,1/15/2001,12:00:00,1/22/2001,12:00:00
230,1/1/2001,12:00:00,H,SF,B,L,1/15/2001,12:00:00,1/22/2001,12:00:00
231,1/1/2001,12:00:00,H,SF,B,L,1/15/2001,12:00:00,1/22/2001,12:00:00
232,1/1/2001,12:00:00,H,SF,A,L,1/15/2001,12:00:00,1/22/2001,12:00:00
233,1/1/2001,12:00:00,H,SF,A,L,1/15/2001,12:00:00,1/22/2001,12:00:00
14,1/1/2001,12:00:00,L,WS,B,M,1/15/2001,12:00:00,1/22/2001,12:00:00
15,1/1/2001,12:00:00,L,WS,B,M,1/15/2001,12:00:00,1/22/2001,12:00:00
16,1/1/2001,12:00:00,L,WS,A,M,1/15/2001,12:00:00,1/22/2001,12:00:00
30,1/1/2001,12:00:00,L,SF,A,M,1/15/2001,12:00:00,1/22/2001,12:00:00
31,1/1/2001,12:00:00,L,SF,B,M,1/15/2001,12:00:00,1/22/2001,12:00:00
32,1/1/2001,12:00:00,L,SF,B,M,1/15/2001,12:00:00,1/22/2001,12:00:00
33,1/1/2001,12:00:00,L,SF,B,M,1/15/2001,12:00:00,1/22/2001,12:00:00
34,1/1/2001,12:00:00,L,SF,B,M,1/15/2001,12:00:00,1/22/2001,12:00:00
56,1/1/2001,12:00:00,M,WS,B,M,1/15/2001,12:00:00,1/22/2001,12:00:00
57,1/1/2001,12:00:00,M,WS,B,M,1/15/2001,12:00:00,1/22/2001,12:00:00
71,1/1/2001,12:00:00,M,SF,A,M,1/15/2001,12:00:00,1/22/2001,12:00:00
72,1/1/2001,12:00:00,M,SF,A,M,1/15/2001,12:00:00,1/22/2001,12:00:00
73,1/1/2001,12:00:00,M,SF,A,M,1/15/2001,12:00:00,1/22/2001,12:00:00
74,1/1/2001,12:00:00,M,SF,B,M,1/15/2001,12:00:00,1/22/2001,12:00:00
75,1/1/2001,12:00:00,M,SF,B,M,1/15/2001,12:00:00,1/22/2001,12:00:00
96,1/1/2001,12:00:00,H,WS,A,M,1/15/2001,12:00:00,1/22/2001,12:00:00
97,1/1/2001,12:00:00,H,WS,A,M,1/15/2001,12:00:00,1/22/2001,12:00:00
112,1/1/2001,12:00:00,H,SF,A,M,1/15/2001,12:00:00,1/22/2001,12:00:00
113,1/1/2001,12:00:00,H,SF,A,M,1/15/2001,12:00:00,1/22/2001,12:00:00
114,1/1/2001,12:00:00,H,SF,A,M,1/15/2001,12:00:00,1/22/2001,12:00:00
115,1/1/2001,12:00:00,H,SF,B,M,1/15/2001,12:00:00,1/22/2001,12:00:00
133,1/1/2001,12:00:00,L,WS,A,XL,1/15/2001,12:00:00,1/22/2001,12:00:00
134,1/1/2001,12:00:00,L,WS,B,XL,1/15/2001,12:00:00,1/22/2001,12:00:00
150,1/1/2001,12:00:00,L,SF,A,XL,1/15/2001,12:00:00,1/22/2001,12:00:00
151,1/1/2001,12:00:00,L,SF,B,XL,1/15/2001,12:00:00,1/22/2001,12:00:00
152,1/1/2001,12:00:00,L,SF,B,XL,1/15/2001,12:00:00,1/22/2001,12:00:00
174,1/1/2001,12:00:00,M,WS,A,XL,1/15/2001,12:00:00,1/22/2001,12:00:00
175,1/1/2001,12:00:00,M,WS,B,XL,1/15/2001,12:00:00,1/22/2001,12:00:00
176,1/1/2001,12:00:00,M,WS,B,XL,1/15/2001,12:00:00,1/22/2001,12:00:00
177,1/1/2001,12:00:00,M,WS,B,XL,1/15/2001,12:00:00,1/22/2001,12:00:00
190,1/1/2001,12:00:00,M,SF,B,XL,1/15/2001,12:00:00,1/22/2001,12:00:00
191,1/1/2001,12:00:00,M,SF,A,XL,1/15/2001,12:00:00,1/22/2001,12:00:00
192,1/1/2001,12:00:00,M,SF,A,XL,1/15/2001,12:00:00,1/22/2001,12:00:00
193,1/1/2001,12:00:00,M,SF,A,XL,1/15/2001,12:00:00,1/22/2001,12:00:00
216,1/1/2001,12:00:00,H,WS,A,XL,1/15/2001,12:00:00,1/22/2001,12:00:00
217,1/1/2001,12:00:00,H,WS,A,XL,1/15/2001,12:00:00,1/22/2001,12:00:00
229,1/1/2001,12:00:00,H,SF,A,XL,1/15/2001,12:00:00,1/22/2001,12:00:00
230,1/1/2001,12:00:00,H,SF,B,XL,1/15/2001,12:00:00,1/22/2001,12:00:00
231,1/1/2001,12:00:00,H,SF,B,XL,1/15/2001,12:00:00,1/22/2001,12:00:00
232,1/1/2001,12:00:00,H,SF,A,XL,1/15/2001,12:00:00,1/22/2001,12:00:00
233,1/1/2001,12:00:00,H,SF,A,XL,1/15/2001,12:00:00,1/22/2001,12:00:00
17,1/1/2001,12:00:00,L,WS,A,S,1/22/2001,12:00:00,1/29/2001,12:00:00
18,1/1/2001,12:00:00,L,WS,A,S,1/22/2001,12:00:00,1/29/2001,12:00:00
19,1/1/2001,12:00:00,L,WS,B,S,1/22/2001,12:00:00,1/29/2001,12:00:00
35,1/1/2001,12:00:00,L,SF,A,S,1/22/2001,12:00:00,1/29/2001,12:00:00
36,1/1/2001,12:00:00,L,SF,A,S,1/22/2001,12:00:00,1/29/2001,12:00:00
37,1/1/2001,12:00:00,L,SF,A,S,1/22/2001,12:00:00,1/29/2001,12:00:00
38,1/1/2001,12:00:00,L,SF,B,S,1/22/2001,12:00:00,1/29/2001,12:00:00
58,1/1/2001,12:00:00,M,WS,B,S,1/22/2001,12:00:00,1/29/2001,12:00:00
76,1/1/2001,12:00:00,M,SF,A,S,1/22/2001,12:00:00,1/29/2001,12:00:00
77,1/1/2001,12:00:00,M,SF,A,S,1/22/2001,12:00:00,1/29/2001,12:00:00
98,1/1/2001,12:00:00,H,WS,B,S,1/22/2001,12:00:00,1/29/2001,12:00:00
99,1/1/2001,12:00:00,H,WS,B,S,1/22/2001,12:00:00,1/29/2001,12:00:00
116,1/1/2001,12:00:00,H,SF,B,S,1/22/2001,12:00:00,1/29/2001,12:00:00
117,1/1/2001,12:00:00,H,SF,B,S,1/22/2001,12:00:00,1/29/2001,12:00:00
118,1/1/2001,12:00:00,H,SF,B,S,1/22/2001,12:00:00,1/29/2001,12:00:00
135,1/1/2001,12:00:00,L,WS,B,L,1/22/2001,12:00:00,1/29/2001,12:00:00
136,1/1/2001,12:00:00,L,WS,A,L,1/22/2001,12:00:00,1/29/2001,12:00:00
137,1/1/2001,12:00:00,L,WS,A,L,1/22/2001,12:00:00,1/29/2001,12:00:00
153,1/1/2001,12:00:00,L,SF,B,L,1/22/2001,12:00:00,1/29/2001,12:00:00
154,1/1/2001,12:00:00,L,SF,B,L,1/22/2001,12:00:00,1/29/2001,12:00:00
155,1/1/2001,12:00:00,L,SF,A,L,1/22/2001,12:00:00,1/29/2001,12:00:00
156,1/1/2001,12:00:00,L,SF,A,L,1/22/2001,12:00:00,1/29/2001,12:00:00
157,1/1/2001,12:00:00,L,SF,A,L,1/22/2001,12:00:00,1/29/2001,12:00:00
158,1/1/2001,12:00:00,L,SF,B,L,1/22/2001,12:00:00,1/29/2001,12:00:00
178,1/1/2001,12:00:00,M,WS,B,L,1/22/2001,12:00:00,1/29/2001,12:00:00
194,1/1/2001,12:00:00,M,SF,B,L,1/22/2001,12:00:00,1/29/2001,12:00:00
195,1/1/2001,12:00:00,M,SF,B,L,1/22/2001,12:00:00,1/29/2001,12:00:00
196,1/1/2001,12:00:00,M,SF,A,L,1/22/2001,12:00:00,1/29/2001,12:00:00
197,1/1/2001,12:00:00,M,SF,A,L,1/22/2001,12:00:00,1/29/2001,12:00:00
218,1/1/2001,12:00:00,H,WS,B,L,1/22/2001,12:00:00,1/29/2001,12:00:00
234,1/1/2001,12:00:00,H,SF,A,L,1/22/2001,12:00:00,1/29/2001,12:00:00
235,1/1/2001,12:00:00,H,SF,B,L,1/22/2001,12:00:00,1/29/2001,12:00:00
236,1/1/2001,12:00:00,H,SF,B,L,1/22/2001,12:00:00,1/29/2001,12:00:00
17,1/1/2001,12:00:00,L,WS,A,M,1/22/2001,12:00:00,1/29/2001,12:00:00
18,1/1/2001,12:00:00,L,WS,A,M,1/22/2001,12:00:00,1/29/2001,12:00:00
19,1/1/2001,12:00:00,L,WS,B,M,1/22/2001,12:00:00,1/29/2001,12:00:00
35,1/1/2001,12:00:00,L,SF,A,M,1/22/2001,12:00:00,1/29/2001,12:00:00
36,1/1/2001,12:00:00,L,SF,A,M,1/22/2001,12:00:00,1/29/2001,12:00:00
37,1/1/2001,12:00:00,L,SF,A,M,1/22/2001,12:00:00,1/29/2001,12:00:00
38,1/1/2001,12:00:00,L,SF,B,M,1/22/2001,12:00:00,1/29/2001,12:00:00
58,1/1/2001,12:00:00,M,WS,B,M,1/22/2001,12:00:00,1/29/2001,12:00:00
76,1/1/2001,12:00:00,M,SF,A,M,1/22/2001,12:00:00,1/29/2001,12:00:00
77,1/1/2001,12:00:00,M,SF,A,M,1/22/2001,12:00:00,1/29/2001,12:00:00
98,1/1/2001,12:00:00,H,WS,B,M,1/22/2001,12:00:00,1/29/2001,12:00:00
99,1/1/2001,12:00:00,H,WS,B,M,1/22/2001,12:00:00,1/29/2001,12:00:00
116,1/1/2001,12:00:00,H,SF,B,M,1/22/2001,12:00:00,1/29/2001,12:00:00
117,1/1/2001,12:00:00,H,SF,B,M,1/22/2001,12:00:00,1/29/2001,12:00:00
118,1/1/2001,12:00:00,H,SF,B,M,1/22/2001,12:00:00,1/29/2001,12:00:00
135,1/1/2001,12:00:00,L,WS,B,XL,1/22/2001,12:00:00,1/29/2001,12:00:00
136,1/1/2001,12:00:00,L,WS,A,XL,1/22/2001,12:00:00,1/29/2001,12:00:00
137,1/1/2001,12:00:00,L,WS,A,XL,1/22/2001,12:00:00,1/29/2001,12:00:00
153,1/1/2001,12:00:00,L,SF,B,XL,1/22/2001,12:00:00,1/29/2001,12:00:00
154,1/1/2001,12:00:00,L,SF,B,XL,1/22/2001,12:00:00,1/29/2001,12:00:00
155,1/1/2001,12:00:00,L,SF,A,XL,1/22/2001,12:00:00,1/29/2001,12:00:00
156,1/1/2001,12:00:00,L,SF,A,XL,1/22/2001,12:00:00,1/29/2001,12:00:00
157,1/1/2001,12:00:00,L,SF,A,XL,1/22/2001,12:00:00,1/29/2001,12:00:00
158,1/1/2001,12:00:00,L,SF,B,XL,1/22/2001,12:00:00,1/29/2001,12:00:00
178,1/1/2001,12:00:00,M,WS,B,XL,1/22/2001,12:00:00,1/29/2001,12:00:00
194,1/1/2001,12:00:00,M,SF,B,XL,1/22/2001,12:00:00,1/29/2001,12:00:00
195,1/1/2001,12:00:00,M,SF,B,XL,1/22/2001,12:00:00,1/29/2001,12:00:00
196,1/1/2001,12:00:00,M,SF,A,XL,1/22/2001,12:00:00,1/29/2001,12:00:00
197,1/1/2001,12:00:00,M,SF,A,XL,1/22/2001,12:00:00,1/29/2001,12:00:00
218,1/1/2001,12:00:00,H,WS,B,XL,1/22/2001,12:00:00,1/29/2001,12:00:00
234,1/1/2001,12:00:00,H,SF,A,XL,1/22/2001,12:00:00,1/29/2001,12:00:00
235,1/1/2001,12:00:00,H,SF,B,XL,1/22/2001,12:00:00,1/29/2001,12:00:00
236,1/1/2001,12:00:00,H,SF,B,XL,1/22/2001,12:00:00,1/29/2001,12:00:00
20,1/1/2001,12:00:00,L,WS,B,S,1/29/2001,12:00:00,NA,NA
39,1/1/2001,12:00:00,L,SF,B,S,1/29/2001,12:00:00,NA,NA
40,1/1/2001,12:00:00,L,SF,A,S,1/29/2001,12:00:00,NA,NA
59,1/1/2001,12:00:00,M,WS,A,S,1/29/2001,12:00:00,NA,NA
60,1/1/2001,12:00:00,M,WS,A,S,1/29/2001,12:00:00,NA,NA
78,1/1/2001,12:00:00,M,SF,A,S,1/29/2001,12:00:00,NA,NA
79,1/1/2001,12:00:00,M,SF,B,S,1/29/2001,12:00:00,NA,NA
80,1/1/2001,12:00:00,M,SF,B,S,1/29/2001,12:00:00,NA,NA
100,1/1/2001,12:00:00,H,WS,A,S,1/29/2001,12:00:00,NA,NA
119,1/1/2001,12:00:00,H,SF,A,S,1/29/2001,12:00:00,NA,NA
120,1/1/2001,12:00:00,H,SF,A,S,1/29/2001,12:00:00,NA,NA
138,1/1/2001,12:00:00,L,WS,A,L,1/29/2001,12:00:00,NA,NA
139,1/1/2001,12:00:00,L,WS,B,L,1/29/2001,12:00:00,NA,NA
140,1/1/2001,12:00:00,L,WS,B,L,1/29/2001,12:00:00,NA,NA
159,1/1/2001,12:00:00,L,SF,B,L,1/29/2001,12:00:00,NA,NA
160,1/1/2001,12:00:00,L,SF,A,L,1/29/2001,12:00:00,NA,NA
179,1/1/2001,12:00:00,M,WS,A,L,1/29/2001,12:00:00,NA,NA
180,1/1/2001,12:00:00,M,WS,A,L,1/29/2001,12:00:00,NA,NA
198,1/1/2001,12:00:00,M,SF,A,L,1/29/2001,12:00:00,NA,NA
199,1/1/2001,12:00:00,M,SF,B,L,1/29/2001,12:00:00,NA,NA
200,1/1/2001,12:00:00,M,SF,B,L,1/29/2001,12:00:00,NA,NA
219,1/1/2001,12:00:00,H,WS,B,L,1/29/2001,12:00:00,NA,NA
220,1/1/2001,12:00:00,H,WS,A,L,1/29/2001,12:00:00,NA,NA
237,1/1/2001,12:00:00,H,SF,B,L,1/29/2001,12:00:00,NA,NA
238,1/1/2001,12:00:00,H,SF,B,L,1/29/2001,12:00:00,NA,NA
239,1/1/2001,12:00:00,H,SF,A,L,1/29/2001,12:00:00,NA,NA
240,1/1/2001,12:00:00,H,SF,A,L,1/29/2001,12:00:00,NA,NA
20,1/1/2001,12:00:00,L,WS,B,M,1/29/2001,12:00:00,NA,NA
39,1/1/2001,12:00:00,L,SF,B,M,1/29/2001,12:00:00,NA,NA
40,1/1/2001,12:00:00,L,SF,A,M,1/29/2001,12:00:00,NA,NA
59,1/1/2001,12:00:00,M,WS,A,M,1/29/2001,12:00:00,NA,NA
60,1/1/2001,12:00:00,M,WS,A,M,1/29/2001,12:00:00,NA,NA
78,1/1/2001,12:00:00,M,SF,A,M,1/29/2001,12:00:00,NA,NA
79,1/1/2001,12:00:00,M,SF,B,M,1/29/2001,12:00:00,NA,NA
80,1/1/2001,12:00:00,M,SF,B,M,1/29/2001,12:00:00,NA,NA
100,1/1/2001,12:00:00,H,WS,A,M,1/29/2001,12:00:00,NA,NA
119,1/1/2001,12:00:00,H,SF,A,M,1/29/2001,12:00:00,NA,NA
120,1/1/2001,12:00:00,H,SF,A,M,1/29/2001,12:00:00,NA,NA
138,1/1/2001,12:00:00,L,WS,A,XL,1/29/2001,12:00:00,NA,NA
139,1/1/2001,12:00:00,L,WS,B,XL,1/29/2001,12:00:00,NA,NA
140,1/1/2001,12:00:00,L,WS,B,XL,1/29/2001,12:00:00,NA,NA
159,1/1/2001,12:00:00,L,SF,B,XL,1/29/2001,12:00:00,NA,NA
160,1/1/2001,12:00:00,L,SF,A,XL,1/29/2001,12:00:00,NA,NA
179,1/1/2001,12:00:00,M,WS,A,XL,1/29/2001,12:00:00,NA,NA
180,1/1/2001,12:00:00,M,WS,A,XL,1/29/2001,12:00:00,NA,NA
198,1/1/2001,12:00:00,M,SF,A,XL,1/29/2001,12:00:00,NA,NA
199,1/1/2001,12:00:00,M,SF,B,XL,1/29/2001,12:00:00,NA,NA
200,1/1/2001,12:00:00,M,SF,B,XL,1/29/2001,12:00:00,NA,NA
219,1/1/2001,12:00:00,H,WS,B,XL,1/29/2001,12:00:00,NA,NA
220,1/1/2001,12:00:00,H,WS,A,XL,1/29/2001,12:00:00,NA,NA
237,1/1/2001,12:00:00,H,SF,B,XL,1/29/2001,12:00:00,NA,NA
238,1/1/2001,12:00:00,H,SF,B,XL,1/29/2001,12:00:00,NA,NA
239,1/1/2001,12:00:00,H,SF,A,XL,1/29/2001,12:00:00,NA,NA
240,1/1/2001,12:00:00,H,SF,A,XL,1/29/2001,12:00:00,NA,NA
