"","Season","Size","Field","Left","Right"
"1","winter","sml","inner",0,1
"2","winter","sml","inner",0,1
"3","winter","sml","inner",7,10
"4","winter","sml","inner",4,7
"5","winter","sml","inner",0,1
"6","winter","sml","inner",4,7
"7","winter","sml","inner",0,1
"8","winter","sml","inner",14,21
"9","winter","sml","inner",28,Inf
"10","winter","sml","inner",7,10
"11","winter","sml","inner",0,1
"12","winter","sml","inner",0,1
"13","winter","sml","inner",14,21
"14","winter","sml","inner",0,1
"15","winter","sml","inner",7,10
"16","winter","sml","inner",7,10
"17","winter","sml","inner",28,Inf
"18","winter","sml","inner",1,2
"19","winter","sml","inner",28,Inf
"20","winter","sml","inner",4,7
"21","spring","sml","inner",0,1
"22","spring","sml","inner",0,1
"23","spring","sml","inner",28,Inf
"24","spring","sml","inner",0,1
"25","spring","sml","inner",0,1
"26","spring","sml","inner",0,1
"27","spring","sml","inner",2,3
"28","spring","sml","inner",1,2
"29","spring","sml","inner",0,1
"30","spring","sml","inner",4,7
"31","spring","sml","inner",2,3
"32","spring","sml","inner",4,7
"33","spring","sml","inner",28,Inf
"34","spring","sml","inner",10,14
"35","spring","sml","inner",0,1
"36","spring","sml","inner",7,10
"37","spring","sml","inner",0,1
"38","spring","sml","inner",4,7
"39","spring","sml","inner",28,Inf
"40","spring","sml","inner",28,Inf
"41","summer","sml","inner",1,2
"42","summer","sml","inner",3,4
"43","summer","sml","inner",4,7
"44","summer","sml","inner",2,3
"45","summer","sml","inner",1,2
"46","summer","sml","inner",28,Inf
"47","summer","sml","inner",3,4
"48","summer","sml","inner",3,4
"49","summer","sml","inner",28,Inf
"50","summer","sml","inner",0,1
"51","summer","sml","inner",28,Inf
"52","summer","sml","inner",28,Inf
"53","summer","sml","inner",14,21
"54","summer","sml","inner",28,Inf
"55","summer","sml","inner",3,4
"56","summer","sml","inner",1,2
"57","summer","sml","inner",28,Inf
"58","summer","sml","inner",0,1
"59","summer","sml","inner",28,Inf
"60","summer","sml","inner",28,Inf
"61","fall","sml","inner",28,Inf
"62","fall","sml","inner",1,2
"63","fall","sml","inner",7,10
"64","fall","sml","inner",3,4
"65","fall","sml","inner",0,1
"66","fall","sml","inner",7,10
"67","fall","sml","inner",0,1
"68","fall","sml","inner",4,7
"69","fall","sml","inner",4,7
"70","fall","sml","inner",28,Inf
"71","fall","sml","inner",4,7
"72","fall","sml","inner",4,7
"73","fall","sml","inner",10,14
"74","fall","sml","inner",2,3
"75","fall","sml","inner",0,1
"76","fall","sml","inner",4,7
"77","fall","sml","inner",0,1
"78","fall","sml","inner",0,1
"79","fall","sml","inner",10,14
"80","fall","sml","inner",0,1
"81","winter","med","inner",28,Inf
"82","winter","med","inner",0,1
"83","winter","med","inner",28,Inf
"84","winter","med","inner",14,21
"85","winter","med","inner",28,Inf
"86","winter","med","inner",0,1
"87","winter","med","inner",2,3
"88","winter","med","inner",4,7
"89","winter","med","inner",0,1
"90","winter","med","inner",3,4
"91","winter","med","inner",28,Inf
"92","winter","med","inner",0,1
"93","winter","med","inner",28,Inf
"94","winter","med","inner",0,1
"95","winter","med","inner",0,1
"96","winter","med","inner",28,Inf
"97","winter","med","inner",28,Inf
"98","winter","med","inner",0,1
"99","winter","med","inner",28,Inf
"100","winter","med","inner",28,Inf
"101","spring","med","inner",7,10
"102","spring","med","inner",14,21
"103","spring","med","inner",0,1
"104","spring","med","inner",1,2
"105","spring","med","inner",0,1
"106","spring","med","inner",28,Inf
"107","spring","med","inner",28,Inf
"108","spring","med","inner",4,7
"109","spring","med","inner",0,1
"110","spring","med","inner",0,1
"111","spring","med","inner",4,7
"112","spring","med","inner",21,28
"113","spring","med","inner",2,3
"114","spring","med","inner",7,10
"115","spring","med","inner",28,Inf
"116","spring","med","inner",0,1
"117","spring","med","inner",28,Inf
"118","spring","med","inner",28,Inf
"119","spring","med","inner",28,Inf
"120","spring","med","inner",14,21
"121","summer","med","inner",4,7
"122","summer","med","inner",3,4
"123","summer","med","inner",3,4
"124","summer","med","inner",21,28
"125","summer","med","inner",28,Inf
"126","summer","med","inner",28,Inf
"127","summer","med","inner",0,1
"128","summer","med","inner",3,4
"129","summer","med","inner",21,28
"130","summer","med","inner",21,28
"131","summer","med","inner",0,1
"132","summer","med","inner",4,7
"133","summer","med","inner",4,7
"134","summer","med","inner",28,Inf
"135","summer","med","inner",4,7
"136","summer","med","inner",1,2
"137","summer","med","inner",28,Inf
"138","summer","med","inner",7,10
"139","summer","med","inner",0,1
"140","summer","med","inner",1,2
"141","fall","med","inner",28,Inf
"142","fall","med","inner",21,28
"143","fall","med","inner",28,Inf
"144","fall","med","inner",7,10
"145","fall","med","inner",21,28
"146","fall","med","inner",28,Inf
"147","fall","med","inner",0,1
"148","fall","med","inner",10,14
"149","fall","med","inner",1,2
"150","fall","med","inner",4,7
"151","fall","med","inner",14,21
"152","fall","med","inner",28,Inf
"153","fall","med","inner",7,10
"154","fall","med","inner",0,1
"155","fall","med","inner",3,4
"156","fall","med","inner",28,Inf
"157","fall","med","inner",10,14
"158","fall","med","inner",28,Inf
"159","fall","med","inner",21,28
"160","fall","med","inner",10,14
"161","winter","lrg","inner",28,Inf
"162","winter","lrg","inner",28,Inf
"163","winter","lrg","inner",28,Inf
"164","winter","lrg","inner",10,14
"165","winter","lrg","inner",28,Inf
"166","winter","lrg","inner",28,Inf
"167","winter","lrg","inner",14,21
"168","winter","lrg","inner",28,Inf
"169","winter","lrg","inner",28,Inf
"170","winter","lrg","inner",0,1
"171","winter","lrg","inner",28,Inf
"172","winter","lrg","inner",10,14
"173","winter","lrg","inner",28,Inf
"174","winter","lrg","inner",14,21
"175","winter","lrg","inner",28,Inf
"176","winter","lrg","inner",28,Inf
"177","winter","lrg","inner",28,Inf
"178","winter","lrg","inner",28,Inf
"179","winter","lrg","inner",28,Inf
"180","winter","lrg","inner",28,Inf
"181","spring","lrg","inner",0,1
"182","spring","lrg","inner",28,Inf
"183","spring","lrg","inner",14,21
"184","spring","lrg","inner",28,Inf
"185","spring","lrg","inner",4,7
"186","spring","lrg","inner",14,21
"187","spring","lrg","inner",14,21
"188","spring","lrg","inner",28,Inf
"189","spring","lrg","inner",14,21
"190","spring","lrg","inner",2,3
"191","spring","lrg","inner",7,10
"192","spring","lrg","inner",3,4
"193","spring","lrg","inner",10,14
"194","spring","lrg","inner",14,21
"195","spring","lrg","inner",21,28
"196","spring","lrg","inner",21,28
"197","spring","lrg","inner",14,21
"198","spring","lrg","inner",28,Inf
"199","spring","lrg","inner",10,14
"200","spring","lrg","inner",14,21
"201","summer","lrg","inner",7,10
"202","summer","lrg","inner",10,14
"203","summer","lrg","inner",28,Inf
"204","summer","lrg","inner",21,28
"205","summer","lrg","inner",10,14
"206","summer","lrg","inner",28,Inf
"207","summer","lrg","inner",28,Inf
"208","summer","lrg","inner",28,Inf
"209","summer","lrg","inner",28,Inf
"210","summer","lrg","inner",4,7
"211","summer","lrg","inner",14,21
"212","summer","lrg","inner",28,Inf
"213","summer","lrg","inner",10,14
"214","summer","lrg","inner",28,Inf
"215","summer","lrg","inner",28,Inf
"216","summer","lrg","inner",21,28
"217","summer","lrg","inner",14,21
"218","summer","lrg","inner",14,21
"219","summer","lrg","inner",28,Inf
"220","summer","lrg","inner",21,28
"221","fall","lrg","inner",14,21
"222","fall","lrg","inner",14,21
"223","fall","lrg","inner",10,14
"224","fall","lrg","inner",28,Inf
"225","fall","lrg","inner",28,Inf
"226","fall","lrg","inner",28,Inf
"227","fall","lrg","inner",10,14
"228","fall","lrg","inner",28,Inf
"229","fall","lrg","inner",28,Inf
"230","fall","lrg","inner",10,14
"231","fall","lrg","inner",28,Inf
"232","fall","lrg","inner",2,3
"233","fall","lrg","inner",28,Inf
"234","fall","lrg","inner",28,Inf
"235","fall","lrg","inner",28,Inf
"236","fall","lrg","inner",28,Inf
"237","fall","lrg","inner",28,Inf
"238","fall","lrg","inner",28,Inf
"239","fall","lrg","inner",10,14
"240","fall","lrg","inner",28,Inf
"241","winter","sml","outer",7,10
"242","winter","sml","outer",28,Inf
"243","winter","sml","outer",1,2
"244","winter","sml","outer",14,21
"245","winter","sml","outer",14,21
"246","winter","sml","outer",2,3
"247","winter","sml","outer",14,21
"248","winter","sml","outer",7,10
"249","winter","sml","outer",0,1
"250","winter","sml","outer",10,14
"251","winter","sml","outer",1,2
"252","winter","sml","outer",7,10
"253","winter","sml","outer",2,3
"254","winter","sml","outer",28,Inf
"255","winter","sml","outer",28,Inf
"256","winter","sml","outer",28,Inf
"257","winter","sml","outer",28,Inf
"258","winter","sml","outer",28,Inf
"259","winter","sml","outer",10,14
"260","winter","sml","outer",0,1
"261","spring","sml","outer",28,Inf
"262","spring","sml","outer",2,3
"263","spring","sml","outer",28,Inf
"264","spring","sml","outer",0,1
"265","spring","sml","outer",2,3
"266","spring","sml","outer",2,3
"267","spring","sml","outer",14,21
"268","spring","sml","outer",3,4
"269","spring","sml","outer",0,1
"270","spring","sml","outer",0,1
"271","spring","sml","outer",0,1
"272","spring","sml","outer",1,2
"273","spring","sml","outer",2,3
"274","spring","sml","outer",4,7
"275","spring","sml","outer",4,7
"276","spring","sml","outer",3,4
"277","spring","sml","outer",7,10
"278","spring","sml","outer",1,2
"279","spring","sml","outer",3,4
"280","spring","sml","outer",0,1
"281","summer","sml","outer",1,2
"282","summer","sml","outer",28,Inf
"283","summer","sml","outer",4,7
"284","summer","sml","outer",1,2
"285","summer","sml","outer",21,28
"286","summer","sml","outer",10,14
"287","summer","sml","outer",28,Inf
"288","summer","sml","outer",28,Inf
"289","summer","sml","outer",0,1
"290","summer","sml","outer",2,3
"291","summer","sml","outer",28,Inf
"292","summer","sml","outer",1,2
"293","summer","sml","outer",28,Inf
"294","summer","sml","outer",21,28
"295","summer","sml","outer",4,7
"296","summer","sml","outer",3,4
"297","summer","sml","outer",2,3
"298","summer","sml","outer",28,Inf
"299","summer","sml","outer",4,7
"300","summer","sml","outer",3,4
"301","fall","sml","outer",3,4
"302","fall","sml","outer",1,2
"303","fall","sml","outer",28,Inf
"304","fall","sml","outer",21,28
"305","fall","sml","outer",14,21
"306","fall","sml","outer",1,2
"307","fall","sml","outer",14,21
"308","fall","sml","outer",28,Inf
"309","fall","sml","outer",1,2
"310","fall","sml","outer",10,14
"311","fall","sml","outer",0,1
"312","fall","sml","outer",28,Inf
"313","fall","sml","outer",14,21
"314","fall","sml","outer",28,Inf
"315","fall","sml","outer",10,14
"316","fall","sml","outer",14,21
"317","fall","sml","outer",28,Inf
"318","fall","sml","outer",1,2
"319","fall","sml","outer",21,28
"320","fall","sml","outer",28,Inf
"321","winter","med","outer",21,28
"322","winter","med","outer",10,14
"323","winter","med","outer",4,7
"324","winter","med","outer",4,7
"325","winter","med","outer",28,Inf
"326","winter","med","outer",0,1
"327","winter","med","outer",10,14
"328","winter","med","outer",7,10
"329","winter","med","outer",28,Inf
"330","winter","med","outer",0,1
"331","winter","med","outer",4,7
"332","winter","med","outer",14,21
"333","winter","med","outer",21,28
"334","winter","med","outer",10,14
"335","winter","med","outer",0,1
"336","winter","med","outer",1,2
"337","winter","med","outer",28,Inf
"338","winter","med","outer",1,2
"339","winter","med","outer",7,10
"340","winter","med","outer",0,1
"341","spring","med","outer",28,Inf
"342","spring","med","outer",0,1
"343","spring","med","outer",28,Inf
"344","spring","med","outer",1,2
"345","spring","med","outer",2,3
"346","spring","med","outer",28,Inf
"347","spring","med","outer",0,1
"348","spring","med","outer",21,28
"349","spring","med","outer",1,2
"350","spring","med","outer",14,21
"351","spring","med","outer",0,1
"352","spring","med","outer",4,7
"353","spring","med","outer",4,7
"354","spring","med","outer",10,14
"355","spring","med","outer",0,1
"356","spring","med","outer",0,1
"357","spring","med","outer",28,Inf
"358","spring","med","outer",28,Inf
"359","spring","med","outer",0,1
"360","spring","med","outer",3,4
"361","summer","med","outer",28,Inf
"362","summer","med","outer",28,Inf
"363","summer","med","outer",28,Inf
"364","summer","med","outer",1,2
"365","summer","med","outer",7,10
"366","summer","med","outer",0,1
"367","summer","med","outer",0,1
"368","summer","med","outer",0,1
"369","summer","med","outer",28,Inf
"370","summer","med","outer",0,1
"371","summer","med","outer",7,10
"372","summer","med","outer",4,7
"373","summer","med","outer",0,1
"374","summer","med","outer",7,10
"375","summer","med","outer",28,Inf
"376","summer","med","outer",4,7
"377","summer","med","outer",0,1
"378","summer","med","outer",28,Inf
"379","summer","med","outer",14,21
"380","summer","med","outer",0,1
"381","fall","med","outer",14,21
"382","fall","med","outer",28,Inf
"383","fall","med","outer",0,1
"384","fall","med","outer",0,1
"385","fall","med","outer",3,4
"386","fall","med","outer",4,7
"387","fall","med","outer",28,Inf
"388","fall","med","outer",28,Inf
"389","fall","med","outer",1,2
"390","fall","med","outer",14,21
"391","fall","med","outer",0,1
"392","fall","med","outer",14,21
"393","fall","med","outer",3,4
"394","fall","med","outer",0,1
"395","fall","med","outer",14,21
"396","fall","med","outer",0,1
"397","fall","med","outer",0,1
"398","fall","med","outer",0,1
"399","fall","med","outer",28,Inf
"400","fall","med","outer",0,1
"401","winter","lrg","outer",28,Inf
"402","winter","lrg","outer",21,28
"403","winter","lrg","outer",28,Inf
"404","winter","lrg","outer",28,Inf
"405","winter","lrg","outer",21,28
"406","winter","lrg","outer",28,Inf
"407","winter","lrg","outer",7,10
"408","winter","lrg","outer",10,14
"409","winter","lrg","outer",28,Inf
"410","winter","lrg","outer",28,Inf
"411","winter","lrg","outer",28,Inf
"412","winter","lrg","outer",2,3
"413","winter","lrg","outer",28,Inf
"414","winter","lrg","outer",28,Inf
"415","winter","lrg","outer",3,4
"416","winter","lrg","outer",4,7
"417","winter","lrg","outer",3,4
"418","winter","lrg","outer",14,21
"419","winter","lrg","outer",28,Inf
"420","winter","lrg","outer",28,Inf
"421","spring","lrg","outer",4,7
"422","spring","lrg","outer",28,Inf
"423","spring","lrg","outer",10,14
"424","spring","lrg","outer",14,21
"425","spring","lrg","outer",28,Inf
"426","spring","lrg","outer",28,Inf
"427","spring","lrg","outer",3,4
"428","spring","lrg","outer",28,Inf
"429","spring","lrg","outer",28,Inf
"430","spring","lrg","outer",28,Inf
"431","spring","lrg","outer",10,14
"432","spring","lrg","outer",2,3
"433","spring","lrg","outer",10,14
"434","spring","lrg","outer",7,10
"435","spring","lrg","outer",4,7
"436","spring","lrg","outer",28,Inf
"437","spring","lrg","outer",28,Inf
"438","spring","lrg","outer",28,Inf
"439","spring","lrg","outer",28,Inf
"440","spring","lrg","outer",28,Inf
"441","summer","lrg","outer",0,1
"442","summer","lrg","outer",28,Inf
"443","summer","lrg","outer",28,Inf
"444","summer","lrg","outer",21,28
"445","summer","lrg","outer",1,2
"446","summer","lrg","outer",28,Inf
"447","summer","lrg","outer",28,Inf
"448","summer","lrg","outer",28,Inf
"449","summer","lrg","outer",7,10
"450","summer","lrg","outer",28,Inf
"451","summer","lrg","outer",7,10
"452","summer","lrg","outer",28,Inf
"453","summer","lrg","outer",4,7
"454","summer","lrg","outer",4,7
"455","summer","lrg","outer",28,Inf
"456","summer","lrg","outer",28,Inf
"457","summer","lrg","outer",3,4
"458","summer","lrg","outer",28,Inf
"459","summer","lrg","outer",7,10
"460","summer","lrg","outer",28,Inf
"461","fall","lrg","outer",1,2
"462","fall","lrg","outer",7,10
"463","fall","lrg","outer",28,Inf
"464","fall","lrg","outer",28,Inf
"465","fall","lrg","outer",21,28
"466","fall","lrg","outer",14,21
"467","fall","lrg","outer",21,28
"468","fall","lrg","outer",28,Inf
"469","fall","lrg","outer",0,1
"470","fall","lrg","outer",2,3
"471","fall","lrg","outer",0,1
"472","fall","lrg","outer",10,14
"473","fall","lrg","outer",28,Inf
"474","fall","lrg","outer",0,1
"475","fall","lrg","outer",7,10
"476","fall","lrg","outer",14,21
"477","fall","lrg","outer",14,21
"478","fall","lrg","outer",28,Inf
"479","fall","lrg","outer",14,21
"480","fall","lrg","outer",28,Inf
