"cpID","Size","Season","Left","Right"
"cp1","bat","spring",0,0.99
"cp2","bat","spring",0,1.01
"cp3","bat","spring",7.06,9.97
"cp4","bat","spring",7.03,10.08
"cp5","bat","spring",0,0.88
"cp6","bat","spring",2,3.01
"cp7","bat","spring",0.93,2.09
"cp8","bat","spring",9.9,14.04
"cp9","bat","spring",0.98,1.95
"cp10","bat","spring",3.01,3.81
"cp11","bat","spring",0.99,1.89
"cp12","bat","spring",14.04,20.89
"cp13","bat","spring",0.96,1.94
"cp14","bat","spring",0.86,1.95
"cp15","bat","spring",2.94,4
"cp16","bat","spring",3,3.98
"cp17","bat","spring",0,0.91
"cp18","bat","spring",1,1.92
"cp19","bat","spring",14.06,20.84
"cp20","bat","spring",0,1.13
"cp21","bat","summer",1.01,1.98
"cp22","bat","summer",0,0.89
"cp23","bat","summer",14.02,21.03
"cp24","bat","summer",1.9,2.99
"cp25","bat","summer",0.89,2.1
"cp26","bat","summer",0,1.04
"cp27","bat","summer",4.03,7.1
"cp28","bat","summer",0,1.14
"cp29","bat","summer",0,1.06
"cp30","bat","summer",0.98,1.9
"cp31","bat","summer",0,0.94
"cp32","bat","summer",2.02,3.04
"cp33","bat","summer",3.96,6.98
"cp34","bat","summer",0,1.05
"cp35","bat","summer",0.99,2.02
"cp36","bat","summer",0,0.98
"cp37","bat","summer",0.94,2.16
"cp38","bat","summer",14.04,21.16
"cp39","bat","summer",7.08,10.05
"cp40","bat","summer",3.83,7.03
"cp41","bat","fall",0.98,1.99
"cp42","bat","fall",3.91,7.01
"cp43","bat","fall",4.11,7.01
"cp44","bat","fall",6.94,9.98
"cp45","bat","fall",4.13,6.99
"cp46","bat","fall",13.91,20.84
"cp47","bat","fall",0.9,1.95
"cp48","bat","fall",0.99,1.99
"cp49","bat","fall",4.07,7.04
"cp50","bat","fall",4.02,6.9
"cp51","bat","fall",1.05,2.06
"cp52","bat","fall",0,1.04
"cp53","bat","fall",0,1.24
"cp54","bat","fall",1.02,2.05
"cp55","bat","fall",9.92,14.04
"cp56","bat","fall",2.99,4.04
"cp57","bat","fall",2.92,4.01
"cp58","bat","fall",1.8,2.75
"cp59","bat","fall",7.02,10.09
"cp60","bat","fall",2.89,3.88
"cp181","lrg","spring",28.2,Inf
"cp182","lrg","spring",14.07,21.18
"cp183","lrg","spring",28.2,Inf
"cp184","lrg","spring",28.2,Inf
"cp185","lrg","spring",1.98,3.03
"cp186","lrg","spring",10.17,14.03
"cp187","lrg","spring",28.2,Inf
"cp188","lrg","spring",28.2,Inf
"cp189","lrg","spring",4.03,6.95
"cp190","lrg","spring",28.2,Inf
"cp191","lrg","spring",13.95,20.9
"cp192","lrg","spring",9.87,13.98
"cp193","lrg","spring",28.2,Inf
"cp194","lrg","spring",13.86,21.03
"cp195","lrg","spring",14.07,21.05
"cp196","lrg","spring",28.2,Inf
"cp197","lrg","spring",28.2,Inf
"cp198","lrg","spring",28.2,Inf
"cp199","lrg","spring",6.98,10.11
"cp200","lrg","spring",6.91,10.07
"cp201","lrg","summer",2.04,2.91
"cp202","lrg","summer",28.18,Inf
"cp203","lrg","summer",28.18,Inf
"cp204","lrg","summer",28.18,Inf
"cp205","lrg","summer",28.18,Inf
"cp206","lrg","summer",28.18,Inf
"cp207","lrg","summer",10.08,13.95
"cp208","lrg","summer",4.15,7.14
"cp209","lrg","summer",28.18,Inf
"cp210","lrg","summer",10.03,13.76
"cp211","lrg","summer",14.02,21.13
"cp212","lrg","summer",28.18,Inf
"cp213","lrg","summer",6.94,10.17
"cp214","lrg","summer",1.96,2.97
"cp215","lrg","summer",14.04,20.98
"cp216","lrg","summer",28.18,Inf
"cp217","lrg","summer",6.95,10.13
"cp218","lrg","summer",13.91,21.03
"cp219","lrg","summer",0,1.09
"cp220","lrg","summer",2.06,3.08
"cp221","lrg","fall",28.16,Inf
"cp222","lrg","fall",21.06,27.95
"cp223","lrg","fall",14.02,21.03
"cp224","lrg","fall",28.16,Inf
"cp225","lrg","fall",3.88,7.02
"cp226","lrg","fall",28.16,Inf
"cp227","lrg","fall",28.16,Inf
"cp228","lrg","fall",28.16,Inf
"cp229","lrg","fall",28.16,Inf
"cp230","lrg","fall",28.16,Inf
"cp231","lrg","fall",28.16,Inf
"cp232","lrg","fall",14.05,20.9
"cp233","lrg","fall",2.01,3.19
"cp234","lrg","fall",28.16,Inf
"cp235","lrg","fall",28.16,Inf
"cp236","lrg","fall",0.96,1.87
"cp237","lrg","fall",20.98,28.02
"cp238","lrg","fall",1.02,1.94
"cp239","lrg","fall",20.85,28.05
"cp240","lrg","fall",28.16,Inf
"cp361","med","spring",3.93,7.07
"cp362","med","spring",10.02,14
"cp363","med","spring",10.08,14.07
"cp364","med","spring",3.97,7
"cp365","med","spring",21.03,28.25
"cp366","med","spring",13.86,20.88
"cp367","med","spring",28.25,Inf
"cp368","med","spring",6.98,10.03
"cp369","med","spring",6.78,10.01
"cp370","med","spring",28.25,Inf
"cp371","med","spring",3.94,6.95
"cp372","med","spring",3.92,7.02
"cp373","med","spring",2.87,4.01
"cp374","med","spring",0,1.08
"cp375","med","spring",4,6.82
"cp376","med","spring",28.25,Inf
"cp377","med","spring",20.94,27.95
"cp378","med","spring",13.99,21.08
"cp379","med","spring",0,0.99
"cp380","med","spring",4.03,6.96
"cp381","med","summer",0,1.04
"cp382","med","summer",0.98,1.94
"cp383","med","summer",2,2.94
"cp384","med","summer",0,1.03
"cp385","med","summer",1.05,2.04
"cp386","med","summer",13.94,21.13
"cp387","med","summer",13.98,20.98
"cp388","med","summer",13.84,21.01
"cp389","med","summer",28.22,Inf
"cp390","med","summer",14.05,20.96
"cp391","med","summer",3.97,6.95
"cp392","med","summer",20.92,28.03
"cp393","med","summer",4.03,7.03
"cp394","med","summer",21.02,27.99
"cp395","med","summer",2.13,2.96
"cp396","med","summer",3.94,6.87
"cp397","med","summer",3.87,7.1
"cp398","med","summer",0,1.07
"cp399","med","summer",9.99,13.93
"cp400","med","summer",4.01,6.89
"cp401","med","fall",13.91,21.02
"cp402","med","fall",9.93,13.97
"cp403","med","fall",14.06,21.02
"cp404","med","fall",7.09,10
"cp405","med","fall",0,0.96
"cp406","med","fall",4,7.14
"cp407","med","fall",0,0.96
"cp408","med","fall",9.95,13.94
"cp409","med","fall",2.97,4.03
"cp410","med","fall",28.16,Inf
"cp411","med","fall",0,0.93
"cp412","med","fall",0,0.94
"cp413","med","fall",0,1.05
"cp414","med","fall",28.16,Inf
"cp415","med","fall",0,1.04
"cp416","med","fall",13.88,21.02
"cp417","med","fall",21.04,28.01
"cp418","med","fall",7.01,9.92
"cp419","med","fall",7.07,9.92
"cp420","med","fall",28.16,Inf
"cp541","sml","spring",0.86,2.05
"cp542","sml","spring",28.15,Inf
"cp543","sml","spring",13.98,21.12
"cp544","sml","spring",4,7.03
"cp545","sml","spring",4.03,7.02
"cp546","sml","spring",0,1.06
"cp547","sml","spring",3.91,7.05
"cp548","sml","spring",14.12,20.93
"cp549","sml","spring",0,1
"cp550","sml","spring",28.15,Inf
"cp551","sml","spring",2.91,4
"cp552","sml","spring",28.15,Inf
"cp553","sml","spring",4.1,7
"cp554","sml","spring",28.15,Inf
"cp555","sml","spring",3.88,6.93
"cp556","sml","spring",0.92,1.99
"cp557","sml","spring",0,1.06
"cp558","sml","spring",1.06,1.97
"cp559","sml","spring",0,0.92
"cp560","sml","spring",0,1.02
"cp561","sml","summer",21.03,28.04
"cp562","sml","summer",0,1.03
"cp563","sml","summer",0,1.15
"cp564","sml","summer",0,0.98
"cp565","sml","summer",7.07,9.97
"cp566","sml","summer",14.04,21.02
"cp567","sml","summer",20.98,27.92
"cp568","sml","summer",0,1.03
"cp569","sml","summer",1.02,1.96
"cp570","sml","summer",28.12,Inf
"cp571","sml","summer",28.12,Inf
"cp572","sml","summer",3.89,7.1
"cp573","sml","summer",0,0.96
"cp574","sml","summer",7.1,9.94
"cp575","sml","summer",0,1.03
"cp576","sml","summer",2.03,2.99
"cp577","sml","summer",28.12,Inf
"cp578","sml","summer",9.88,13.79
"cp579","sml","summer",7.05,10.06
"cp580","sml","summer",3.02,4.04
"cp581","sml","fall",3.13,4.13
"cp582","sml","fall",9.99,14.07
"cp583","sml","fall",28.18,Inf
"cp584","sml","fall",3.96,7.14
"cp585","sml","fall",3.84,7.01
"cp586","sml","fall",0,0.85
"cp587","sml","fall",28.18,Inf
"cp588","sml","fall",0,1.02
"cp589","sml","fall",2.07,3.09
"cp590","sml","fall",1.98,2.88
"cp591","sml","fall",14.05,21.03
"cp592","sml","fall",0,1.18
"cp593","sml","fall",1.86,2.96
"cp594","sml","fall",21.03,27.9
"cp595","sml","fall",21.03,28.11
"cp596","sml","fall",28.18,Inf
"cp597","sml","fall",0,1.02
"cp598","sml","fall",3.81,6.99
"cp599","sml","fall",20.95,27.98
"cp600","sml","fall",0,0.93
