"cpID","Size","Season","Visibility","Left","Right"
"cp1","bat","spring","RP",1,2
"cp2","bat","spring","RP",0,1
"cp3","bat","spring","RP",0,1
"cp4","bat","spring","RP",0,1
"cp5","bat","spring","RP",7,10
"cp6","bat","spring","RP",0,1
"cp7","bat","spring","RP",2,3
"cp8","bat","spring","RP",1,2
"cp9","bat","spring","RP",0,1
"cp10","bat","spring","RP",0,1
"cp11","bat","spring","RP",4,7
"cp12","bat","spring","RP",0,1
"cp13","bat","spring","RP",2,3
"cp14","bat","spring","RP",4,7
"cp15","bat","spring","RP",1,2
"cp16","bat","spring","RP",2,3
"cp17","bat","spring","RP",4,7
"cp18","bat","spring","RP",2,3
"cp19","bat","spring","RP",4,7
"cp20","bat","spring","RP",1,2
"cp21","bat","summer","RP",0,1
"cp22","bat","summer","RP",0,1
"cp23","bat","summer","RP",7,10
"cp24","bat","summer","RP",10,14
"cp25","bat","summer","RP",0,1
"cp26","bat","summer","RP",1,2
"cp27","bat","summer","RP",3,4
"cp28","bat","summer","RP",3,4
"cp29","bat","summer","RP",0,1
"cp30","bat","summer","RP",3,4
"cp31","bat","summer","RP",4,7
"cp32","bat","summer","RP",3,4
"cp33","bat","summer","RP",2,3
"cp34","bat","summer","RP",4,7
"cp35","bat","summer","RP",1,2
"cp36","bat","summer","RP",0,1
"cp37","bat","summer","RP",0,1
"cp38","bat","summer","RP",1,2
"cp39","bat","summer","RP",0,1
"cp40","bat","summer","RP",4,7
"cp41","bat","fall","RP",1,2
"cp42","bat","fall","RP",0,1
"cp43","bat","fall","RP",4,7
"cp44","bat","fall","RP",0,1
"cp45","bat","fall","RP",3,4
"cp46","bat","fall","RP",1,2
"cp47","bat","fall","RP",2,3
"cp48","bat","fall","RP",3,4
"cp49","bat","fall","RP",2,3
"cp50","bat","fall","RP",1,2
"cp51","bat","fall","RP",7,10
"cp52","bat","fall","RP",7,10
"cp53","bat","fall","RP",0,1
"cp54","bat","fall","RP",1,2
"cp55","bat","fall","RP",0,1
"cp56","bat","fall","RP",0,1
"cp57","bat","fall","RP",2,3
"cp58","bat","fall","RP",3,4
"cp59","bat","fall","RP",0,1
"cp60","bat","fall","RP",1,2
"cp61","bat","spring","M",1,2
"cp62","bat","spring","M",4,7
"cp63","bat","spring","M",2,3
"cp64","bat","spring","M",3,4
"cp65","bat","spring","M",0,1
"cp66","bat","spring","M",14,21
"cp67","bat","spring","M",2,3
"cp68","bat","spring","M",1,2
"cp69","bat","spring","M",2,3
"cp70","bat","spring","M",14,21
"cp71","bat","spring","M",7,10
"cp72","bat","spring","M",1,2
"cp73","bat","spring","M",1,2
"cp74","bat","spring","M",14,21
"cp75","bat","spring","M",2,3
"cp76","bat","spring","M",21,28
"cp77","bat","spring","M",2,3
"cp78","bat","spring","M",1,2
"cp79","bat","spring","M",4,7
"cp80","bat","spring","M",10,14
"cp81","bat","summer","M",10,14
"cp82","bat","summer","M",14,21
"cp83","bat","summer","M",1,2
"cp84","bat","summer","M",10,14
"cp85","bat","summer","M",0,1
"cp86","bat","summer","M",3,4
"cp87","bat","summer","M",4,7
"cp88","bat","summer","M",0,1
"cp89","bat","summer","M",10,14
"cp90","bat","summer","M",0,1
"cp91","bat","summer","M",4,7
"cp92","bat","summer","M",10,14
"cp93","bat","summer","M",4,7
"cp94","bat","summer","M",0,1
"cp95","bat","summer","M",0,1
"cp96","bat","summer","M",1,2
"cp97","bat","summer","M",10,14
"cp98","bat","summer","M",1,2
"cp99","bat","summer","M",10,14
"cp100","bat","summer","M",21,28
"cp101","bat","fall","M",4,7
"cp102","bat","fall","M",14,21
"cp103","bat","fall","M",4,7
"cp104","bat","fall","M",3,4
"cp105","bat","fall","M",1,2
"cp106","bat","fall","M",0,1
"cp107","bat","fall","M",4,7
"cp108","bat","fall","M",0,1
"cp109","bat","fall","M",0,1
"cp110","bat","fall","M",1,2
"cp111","bat","fall","M",7,10
"cp112","bat","fall","M",0,1
"cp113","bat","fall","M",2,3
"cp114","bat","fall","M",3,4
"cp115","bat","fall","M",2,3
"cp116","bat","fall","M",10,14
"cp117","bat","fall","M",7,10
"cp118","bat","fall","M",10,14
"cp119","bat","fall","M",7,10
"cp120","bat","fall","M",0,1
"cp121","bat","spring","D",7,10
"cp122","bat","spring","D",3,4
"cp123","bat","spring","D",10,14
"cp124","bat","spring","D",0,1
"cp125","bat","spring","D",0,1
"cp126","bat","spring","D",2,3
"cp127","bat","spring","D",0,1
"cp128","bat","spring","D",3,4
"cp129","bat","spring","D",7,10
"cp130","bat","spring","D",0,1
"cp131","bat","spring","D",1,2
"cp132","bat","spring","D",10,14
"cp133","bat","spring","D",7,10
"cp134","bat","spring","D",0,1
"cp135","bat","spring","D",3,4
"cp136","bat","spring","D",0,1
"cp137","bat","spring","D",4,7
"cp138","bat","spring","D",0,1
"cp139","bat","spring","D",1,2
"cp140","bat","spring","D",7,10
"cp141","bat","summer","D",4,7
"cp142","bat","summer","D",3,4
"cp143","bat","summer","D",1,2
"cp144","bat","summer","D",4,7
"cp145","bat","summer","D",4,7
"cp146","bat","summer","D",2,3
"cp147","bat","summer","D",0,1
"cp148","bat","summer","D",0,1
"cp149","bat","summer","D",4,7
"cp150","bat","summer","D",0,1
"cp151","bat","summer","D",1,2
"cp152","bat","summer","D",14,21
"cp153","bat","summer","D",2,3
"cp154","bat","summer","D",4,7
"cp155","bat","summer","D",7,10
"cp156","bat","summer","D",0,1
"cp157","bat","summer","D",7,10
"cp158","bat","summer","D",3,4
"cp159","bat","summer","D",3,4
"cp160","bat","summer","D",0,1
"cp161","bat","fall","D",4,7
"cp162","bat","fall","D",0,1
"cp163","bat","fall","D",1,2
"cp164","bat","fall","D",14,21
"cp165","bat","fall","D",21,28
"cp166","bat","fall","D",4,7
"cp167","bat","fall","D",1,2
"cp168","bat","fall","D",14,21
"cp169","bat","fall","D",0,1
"cp170","bat","fall","D",28,Inf
"cp171","bat","fall","D",10,14
"cp172","bat","fall","D",10,14
"cp173","bat","fall","D",21,28
"cp174","bat","fall","D",4,7
"cp175","bat","fall","D",7,10
"cp176","bat","fall","D",0,1
"cp177","bat","fall","D",3,4
"cp178","bat","fall","D",0,1
"cp179","bat","fall","D",10,14
"cp180","bat","fall","D",2,3
"cp181","sml","spring","RP",0,1
"cp182","sml","spring","RP",1,2
"cp183","sml","spring","RP",28,Inf
"cp184","sml","spring","RP",4,7
"cp185","sml","spring","RP",0,1
"cp186","sml","spring","RP",1,2
"cp187","sml","spring","RP",14,21
"cp188","sml","spring","RP",0,1
"cp189","sml","spring","RP",4,7
"cp190","sml","spring","RP",3,4
"cp191","sml","spring","RP",7,10
"cp192","sml","spring","RP",0,1
"cp193","sml","spring","RP",0,1
"cp194","sml","spring","RP",2,3
"cp195","sml","spring","RP",2,3
"cp196","sml","spring","RP",0,1
"cp197","sml","spring","RP",3,4
"cp198","sml","spring","RP",0,1
"cp199","sml","spring","RP",0,1
"cp200","sml","spring","RP",0,1
"cp201","sml","summer","RP",3,4
"cp202","sml","summer","RP",0,1
"cp203","sml","summer","RP",28,Inf
"cp204","sml","summer","RP",21,28
"cp205","sml","summer","RP",4,7
"cp206","sml","summer","RP",28,Inf
"cp207","sml","summer","RP",7,10
"cp208","sml","summer","RP",28,Inf
"cp209","sml","summer","RP",21,28
"cp210","sml","summer","RP",4,7
"cp211","sml","summer","RP",4,7
"cp212","sml","summer","RP",28,Inf
"cp213","sml","summer","RP",7,10
"cp214","sml","summer","RP",2,3
"cp215","sml","summer","RP",3,4
"cp216","sml","summer","RP",10,14
"cp217","sml","summer","RP",14,21
"cp218","sml","summer","RP",10,14
"cp219","sml","summer","RP",10,14
"cp220","sml","summer","RP",0,1
"cp221","sml","fall","RP",3,4
"cp222","sml","fall","RP",0,1
"cp223","sml","fall","RP",0,1
"cp224","sml","fall","RP",10,14
"cp225","sml","fall","RP",28,Inf
"cp226","sml","fall","RP",1,2
"cp227","sml","fall","RP",0,1
"cp228","sml","fall","RP",14,21
"cp229","sml","fall","RP",21,28
"cp230","sml","fall","RP",2,3
"cp231","sml","fall","RP",28,Inf
"cp232","sml","fall","RP",10,14
"cp233","sml","fall","RP",21,28
"cp234","sml","fall","RP",4,7
"cp235","sml","fall","RP",1,2
"cp236","sml","fall","RP",28,Inf
"cp237","sml","fall","RP",0,1
"cp238","sml","fall","RP",28,Inf
"cp239","sml","fall","RP",21,28
"cp240","sml","fall","RP",0,1
"cp241","sml","spring","M",14,21
"cp242","sml","spring","M",0,1
"cp243","sml","spring","M",0,1
"cp244","sml","spring","M",10,14
"cp245","sml","spring","M",21,28
"cp246","sml","spring","M",0,1
"cp247","sml","spring","M",28,Inf
"cp248","sml","spring","M",14,21
"cp249","sml","spring","M",28,Inf
"cp250","sml","spring","M",0,1
"cp251","sml","spring","M",0,1
"cp252","sml","spring","M",7,10
"cp253","sml","spring","M",4,7
"cp254","sml","spring","M",28,Inf
"cp255","sml","spring","M",0,1
"cp256","sml","spring","M",3,4
"cp257","sml","spring","M",28,Inf
"cp258","sml","spring","M",1,2
"cp259","sml","spring","M",28,Inf
"cp260","sml","spring","M",28,Inf
"cp261","sml","summer","M",2,3
"cp262","sml","summer","M",1,2
"cp263","sml","summer","M",0,1
"cp264","sml","summer","M",28,Inf
"cp265","sml","summer","M",7,10
"cp266","sml","summer","M",0,1
"cp267","sml","summer","M",0,1
"cp268","sml","summer","M",3,4
"cp269","sml","summer","M",0,1
"cp270","sml","summer","M",28,Inf
"cp271","sml","summer","M",28,Inf
"cp272","sml","summer","M",28,Inf
"cp273","sml","summer","M",0,1
"cp274","sml","summer","M",28,Inf
"cp275","sml","summer","M",3,4
"cp276","sml","summer","M",2,3
"cp277","sml","summer","M",0,1
"cp278","sml","summer","M",7,10
"cp279","sml","summer","M",1,2
"cp280","sml","summer","M",28,Inf
"cp281","sml","fall","M",10,14
"cp282","sml","fall","M",4,7
"cp283","sml","fall","M",28,Inf
"cp284","sml","fall","M",10,14
"cp285","sml","fall","M",14,21
"cp286","sml","fall","M",28,Inf
"cp287","sml","fall","M",3,4
"cp288","sml","fall","M",28,Inf
"cp289","sml","fall","M",14,21
"cp290","sml","fall","M",4,7
"cp291","sml","fall","M",28,Inf
"cp292","sml","fall","M",1,2
"cp293","sml","fall","M",28,Inf
"cp294","sml","fall","M",7,10
"cp295","sml","fall","M",28,Inf
"cp296","sml","fall","M",1,2
"cp297","sml","fall","M",28,Inf
"cp298","sml","fall","M",4,7
"cp299","sml","fall","M",28,Inf
"cp300","sml","fall","M",0,1
"cp301","sml","spring","D",3,4
"cp302","sml","spring","D",0,1
"cp303","sml","spring","D",4,7
"cp304","sml","spring","D",10,14
"cp305","sml","spring","D",7,10
"cp306","sml","spring","D",14,21
"cp307","sml","spring","D",10,14
"cp308","sml","spring","D",21,28
"cp309","sml","spring","D",28,Inf
"cp310","sml","spring","D",10,14
"cp311","sml","spring","D",1,2
"cp312","sml","spring","D",2,3
"cp313","sml","spring","D",28,Inf
"cp314","sml","spring","D",7,10
"cp315","sml","spring","D",14,21
"cp316","sml","spring","D",1,2
"cp317","sml","spring","D",0,1
"cp318","sml","spring","D",0,1
"cp319","sml","spring","D",28,Inf
"cp320","sml","spring","D",3,4
"cp321","sml","summer","D",4,7
"cp322","sml","summer","D",2,3
"cp323","sml","summer","D",28,Inf
"cp324","sml","summer","D",28,Inf
"cp325","sml","summer","D",21,28
"cp326","sml","summer","D",28,Inf
"cp327","sml","summer","D",21,28
"cp328","sml","summer","D",14,21
"cp329","sml","summer","D",7,10
"cp330","sml","summer","D",10,14
"cp331","sml","summer","D",0,1
"cp332","sml","summer","D",10,14
"cp333","sml","summer","D",1,2
"cp334","sml","summer","D",2,3
"cp335","sml","summer","D",4,7
"cp336","sml","summer","D",28,Inf
"cp337","sml","summer","D",28,Inf
"cp338","sml","summer","D",0,1
"cp339","sml","summer","D",28,Inf
"cp340","sml","summer","D",0,1
"cp341","sml","fall","D",4,7
"cp342","sml","fall","D",14,21
"cp343","sml","fall","D",4,7
"cp344","sml","fall","D",0,1
"cp345","sml","fall","D",14,21
"cp346","sml","fall","D",0,1
"cp347","sml","fall","D",2,3
"cp348","sml","fall","D",0,1
"cp349","sml","fall","D",2,3
"cp350","sml","fall","D",0,1
"cp351","sml","fall","D",0,1
"cp352","sml","fall","D",0,1
"cp353","sml","fall","D",10,14
"cp354","sml","fall","D",14,21
"cp355","sml","fall","D",1,2
"cp356","sml","fall","D",10,14
"cp357","sml","fall","D",3,4
"cp358","sml","fall","D",7,10
"cp359","sml","fall","D",28,Inf
"cp360","sml","fall","D",14,21
"cp361","med","spring","RP",21,28
"cp362","med","spring","RP",4,7
"cp363","med","spring","RP",10,14
"cp364","med","spring","RP",4,7
"cp365","med","spring","RP",28,Inf
"cp366","med","spring","RP",14,21
"cp367","med","spring","RP",14,21
"cp368","med","spring","RP",10,14
"cp369","med","spring","RP",1,2
"cp370","med","spring","RP",28,Inf
"cp371","med","spring","RP",7,10
"cp372","med","spring","RP",14,21
"cp373","med","spring","RP",0,1
"cp374","med","spring","RP",0,1
"cp375","med","spring","RP",10,14
"cp376","med","spring","RP",10,14
"cp377","med","spring","RP",10,14
"cp378","med","spring","RP",0,1
"cp379","med","spring","RP",2,3
"cp380","med","spring","RP",4,7
"cp381","med","summer","RP",10,14
"cp382","med","summer","RP",7,10
"cp383","med","summer","RP",0,1
"cp384","med","summer","RP",0,1
"cp385","med","summer","RP",10,14
"cp386","med","summer","RP",7,10
"cp387","med","summer","RP",10,14
"cp388","med","summer","RP",10,14
"cp389","med","summer","RP",3,4
"cp390","med","summer","RP",21,28
"cp391","med","summer","RP",0,1
"cp392","med","summer","RP",1,2
"cp393","med","summer","RP",0,1
"cp394","med","summer","RP",1,2
"cp395","med","summer","RP",4,7
"cp396","med","summer","RP",0,1
"cp397","med","summer","RP",21,28
"cp398","med","summer","RP",7,10
"cp399","med","summer","RP",0,1
"cp400","med","summer","RP",21,28
"cp401","med","fall","RP",0,1
"cp402","med","fall","RP",4,7
"cp403","med","fall","RP",1,2
"cp404","med","fall","RP",14,21
"cp405","med","fall","RP",7,10
"cp406","med","fall","RP",14,21
"cp407","med","fall","RP",4,7
"cp408","med","fall","RP",14,21
"cp409","med","fall","RP",4,7
"cp410","med","fall","RP",0,1
"cp411","med","fall","RP",21,28
"cp412","med","fall","RP",14,21
"cp413","med","fall","RP",14,21
"cp414","med","fall","RP",10,14
"cp415","med","fall","RP",7,10
"cp416","med","fall","RP",4,7
"cp417","med","fall","RP",10,14
"cp418","med","fall","RP",2,3
"cp419","med","fall","RP",7,10
"cp420","med","fall","RP",4,7
"cp421","med","spring","M",7,10
"cp422","med","spring","M",28,Inf
"cp423","med","spring","M",3,4
"cp424","med","spring","M",10,14
"cp425","med","spring","M",2,3
"cp426","med","spring","M",14,21
"cp427","med","spring","M",2,3
"cp428","med","spring","M",28,Inf
"cp429","med","spring","M",10,14
"cp430","med","spring","M",7,10
"cp431","med","spring","M",1,2
"cp432","med","spring","M",1,2
"cp433","med","spring","M",0,1
"cp434","med","spring","M",28,Inf
"cp435","med","spring","M",28,Inf
"cp436","med","spring","M",14,21
"cp437","med","spring","M",4,7
"cp438","med","spring","M",14,21
"cp439","med","spring","M",0,1
"cp440","med","spring","M",21,28
"cp441","med","summer","M",3,4
"cp442","med","summer","M",28,Inf
"cp443","med","summer","M",0,1
"cp444","med","summer","M",0,1
"cp445","med","summer","M",0,1
"cp446","med","summer","M",2,3
"cp447","med","summer","M",28,Inf
"cp448","med","summer","M",10,14
"cp449","med","summer","M",0,1
"cp450","med","summer","M",14,21
"cp451","med","summer","M",0,1
"cp452","med","summer","M",28,Inf
"cp453","med","summer","M",7,10
"cp454","med","summer","M",0,1
"cp455","med","summer","M",0,1
"cp456","med","summer","M",0,1
"cp457","med","summer","M",28,Inf
"cp458","med","summer","M",2,3
"cp459","med","summer","M",0,1
"cp460","med","summer","M",28,Inf
"cp461","med","fall","M",10,14
"cp462","med","fall","M",0,1
"cp463","med","fall","M",2,3
"cp464","med","fall","M",1,2
"cp465","med","fall","M",4,7
"cp466","med","fall","M",4,7
"cp467","med","fall","M",28,Inf
"cp468","med","fall","M",1,2
"cp469","med","fall","M",7,10
"cp470","med","fall","M",0,1
"cp471","med","fall","M",10,14
"cp472","med","fall","M",1,2
"cp473","med","fall","M",21,28
"cp474","med","fall","M",0,1
"cp475","med","fall","M",28,Inf
"cp476","med","fall","M",10,14
"cp477","med","fall","M",28,Inf
"cp478","med","fall","M",0,1
"cp479","med","fall","M",28,Inf
"cp480","med","fall","M",28,Inf
"cp481","med","spring","D",14,21
"cp482","med","spring","D",28,Inf
"cp483","med","spring","D",2,3
"cp484","med","spring","D",14,21
"cp485","med","spring","D",10,14
"cp486","med","spring","D",7,10
"cp487","med","spring","D",10,14
"cp488","med","spring","D",2,3
"cp489","med","spring","D",14,21
"cp490","med","spring","D",28,Inf
"cp491","med","spring","D",1,2
"cp492","med","spring","D",21,28
"cp493","med","spring","D",28,Inf
"cp494","med","spring","D",14,21
"cp495","med","spring","D",14,21
"cp496","med","spring","D",1,2
"cp497","med","spring","D",21,28
"cp498","med","spring","D",28,Inf
"cp499","med","spring","D",3,4
"cp500","med","spring","D",7,10
"cp501","med","summer","D",3,4
"cp502","med","summer","D",21,28
"cp503","med","summer","D",14,21
"cp504","med","summer","D",28,Inf
"cp505","med","summer","D",28,Inf
"cp506","med","summer","D",28,Inf
"cp507","med","summer","D",28,Inf
"cp508","med","summer","D",14,21
"cp509","med","summer","D",4,7
"cp510","med","summer","D",4,7
"cp511","med","summer","D",28,Inf
"cp512","med","summer","D",21,28
"cp513","med","summer","D",28,Inf
"cp514","med","summer","D",7,10
"cp515","med","summer","D",28,Inf
"cp516","med","summer","D",14,21
"cp517","med","summer","D",1,2
"cp518","med","summer","D",1,2
"cp519","med","summer","D",2,3
"cp520","med","summer","D",28,Inf
"cp521","med","fall","D",28,Inf
"cp522","med","fall","D",4,7
"cp523","med","fall","D",28,Inf
"cp524","med","fall","D",28,Inf
"cp525","med","fall","D",28,Inf
"cp526","med","fall","D",28,Inf
"cp527","med","fall","D",28,Inf
"cp528","med","fall","D",1,2
"cp529","med","fall","D",0,1
"cp530","med","fall","D",28,Inf
"cp531","med","fall","D",21,28
"cp532","med","fall","D",28,Inf
"cp533","med","fall","D",28,Inf
"cp534","med","fall","D",1,2
"cp535","med","fall","D",28,Inf
"cp536","med","fall","D",14,21
"cp537","med","fall","D",14,21
"cp538","med","fall","D",10,14
"cp539","med","fall","D",28,Inf
"cp540","med","fall","D",1,2
"cp541","lrg","spring","RP",1,2
"cp542","lrg","spring","RP",28,Inf
"cp543","lrg","spring","RP",1,2
"cp544","lrg","spring","RP",10,14
"cp545","lrg","spring","RP",10,14
"cp546","lrg","spring","RP",14,21
"cp547","lrg","spring","RP",7,10
"cp548","lrg","spring","RP",28,Inf
"cp549","lrg","spring","RP",4,7
"cp550","lrg","spring","RP",28,Inf
"cp551","lrg","spring","RP",28,Inf
"cp552","lrg","spring","RP",21,28
"cp553","lrg","spring","RP",4,7
"cp554","lrg","spring","RP",28,Inf
"cp555","lrg","spring","RP",1,2
"cp556","lrg","spring","RP",28,Inf
"cp557","lrg","spring","RP",14,21
"cp558","lrg","spring","RP",28,Inf
"cp559","lrg","spring","RP",14,21
"cp560","lrg","spring","RP",28,Inf
"cp561","lrg","summer","RP",28,Inf
"cp562","lrg","summer","RP",4,7
"cp563","lrg","summer","RP",14,21
"cp564","lrg","summer","RP",28,Inf
"cp565","lrg","summer","RP",28,Inf
"cp566","lrg","summer","RP",28,Inf
"cp567","lrg","summer","RP",28,Inf
"cp568","lrg","summer","RP",28,Inf
"cp569","lrg","summer","RP",14,21
"cp570","lrg","summer","RP",21,28
"cp571","lrg","summer","RP",28,Inf
"cp572","lrg","summer","RP",28,Inf
"cp573","lrg","summer","RP",0,1
"cp574","lrg","summer","RP",28,Inf
"cp575","lrg","summer","RP",10,14
"cp576","lrg","summer","RP",14,21
"cp577","lrg","summer","RP",28,Inf
"cp578","lrg","summer","RP",14,21
"cp579","lrg","summer","RP",28,Inf
"cp580","lrg","summer","RP",14,21
"cp581","lrg","fall","RP",1,2
"cp582","lrg","fall","RP",28,Inf
"cp583","lrg","fall","RP",2,3
"cp584","lrg","fall","RP",28,Inf
"cp585","lrg","fall","RP",4,7
"cp586","lrg","fall","RP",28,Inf
"cp587","lrg","fall","RP",7,10
"cp588","lrg","fall","RP",28,Inf
"cp589","lrg","fall","RP",28,Inf
"cp590","lrg","fall","RP",28,Inf
"cp591","lrg","fall","RP",28,Inf
"cp592","lrg","fall","RP",28,Inf
"cp593","lrg","fall","RP",21,28
"cp594","lrg","fall","RP",28,Inf
"cp595","lrg","fall","RP",28,Inf
"cp596","lrg","fall","RP",10,14
"cp597","lrg","fall","RP",28,Inf
"cp598","lrg","fall","RP",4,7
"cp599","lrg","fall","RP",28,Inf
"cp600","lrg","fall","RP",7,10
"cp601","lrg","spring","M",28,Inf
"cp602","lrg","spring","M",28,Inf
"cp603","lrg","spring","M",28,Inf
"cp604","lrg","spring","M",4,7
"cp605","lrg","spring","M",14,21
"cp606","lrg","spring","M",28,Inf
"cp607","lrg","spring","M",28,Inf
"cp608","lrg","spring","M",4,7
"cp609","lrg","spring","M",28,Inf
"cp610","lrg","spring","M",2,3
"cp611","lrg","spring","M",14,21
"cp612","lrg","spring","M",28,Inf
"cp613","lrg","spring","M",28,Inf
"cp614","lrg","spring","M",28,Inf
"cp615","lrg","spring","M",1,2
"cp616","lrg","spring","M",0,1
"cp617","lrg","spring","M",28,Inf
"cp618","lrg","spring","M",28,Inf
"cp619","lrg","spring","M",28,Inf
"cp620","lrg","spring","M",14,21
"cp621","lrg","summer","M",28,Inf
"cp622","lrg","summer","M",14,21
"cp623","lrg","summer","M",28,Inf
"cp624","lrg","summer","M",10,14
"cp625","lrg","summer","M",28,Inf
"cp626","lrg","summer","M",21,28
"cp627","lrg","summer","M",28,Inf
"cp628","lrg","summer","M",28,Inf
"cp629","lrg","summer","M",7,10
"cp630","lrg","summer","M",28,Inf
"cp631","lrg","summer","M",14,21
"cp632","lrg","summer","M",28,Inf
"cp633","lrg","summer","M",3,4
"cp634","lrg","summer","M",14,21
"cp635","lrg","summer","M",10,14
"cp636","lrg","summer","M",7,10
"cp637","lrg","summer","M",28,Inf
"cp638","lrg","summer","M",4,7
"cp639","lrg","summer","M",28,Inf
"cp640","lrg","summer","M",21,28
"cp641","lrg","fall","M",21,28
"cp642","lrg","fall","M",1,2
"cp643","lrg","fall","M",28,Inf
"cp644","lrg","fall","M",28,Inf
"cp645","lrg","fall","M",7,10
"cp646","lrg","fall","M",28,Inf
"cp647","lrg","fall","M",28,Inf
"cp648","lrg","fall","M",28,Inf
"cp649","lrg","fall","M",21,28
"cp650","lrg","fall","M",7,10
"cp651","lrg","fall","M",28,Inf
"cp652","lrg","fall","M",0,1
"cp653","lrg","fall","M",28,Inf
"cp654","lrg","fall","M",1,2
"cp655","lrg","fall","M",10,14
"cp656","lrg","fall","M",28,Inf
"cp657","lrg","fall","M",28,Inf
"cp658","lrg","fall","M",10,14
"cp659","lrg","fall","M",28,Inf
"cp660","lrg","fall","M",7,10
"cp661","lrg","spring","D",28,Inf
"cp662","lrg","spring","D",28,Inf
"cp663","lrg","spring","D",28,Inf
"cp664","lrg","spring","D",3,4
"cp665","lrg","spring","D",28,Inf
"cp666","lrg","spring","D",21,28
"cp667","lrg","spring","D",21,28
"cp668","lrg","spring","D",28,Inf
"cp669","lrg","spring","D",4,7
"cp670","lrg","spring","D",28,Inf
"cp671","lrg","spring","D",28,Inf
"cp672","lrg","spring","D",28,Inf
"cp673","lrg","spring","D",28,Inf
"cp674","lrg","spring","D",28,Inf
"cp675","lrg","spring","D",28,Inf
"cp676","lrg","spring","D",7,10
"cp677","lrg","spring","D",21,28
"cp678","lrg","spring","D",1,2
"cp679","lrg","spring","D",28,Inf
"cp680","lrg","spring","D",4,7
"cp681","lrg","summer","D",28,Inf
"cp682","lrg","summer","D",21,28
"cp683","lrg","summer","D",10,14
"cp684","lrg","summer","D",28,Inf
"cp685","lrg","summer","D",7,10
"cp686","lrg","summer","D",28,Inf
"cp687","lrg","summer","D",28,Inf
"cp688","lrg","summer","D",28,Inf
"cp689","lrg","summer","D",28,Inf
"cp690","lrg","summer","D",4,7
"cp691","lrg","summer","D",21,28
"cp692","lrg","summer","D",21,28
"cp693","lrg","summer","D",14,21
"cp694","lrg","summer","D",28,Inf
"cp695","lrg","summer","D",7,10
"cp696","lrg","summer","D",28,Inf
"cp697","lrg","summer","D",28,Inf
"cp698","lrg","summer","D",28,Inf
"cp699","lrg","summer","D",28,Inf
"cp700","lrg","summer","D",28,Inf
"cp701","lrg","fall","D",28,Inf
"cp702","lrg","fall","D",21,28
"cp703","lrg","fall","D",21,28
"cp704","lrg","fall","D",28,Inf
"cp705","lrg","fall","D",21,28
"cp706","lrg","fall","D",14,21
"cp707","lrg","fall","D",28,Inf
"cp708","lrg","fall","D",28,Inf
"cp709","lrg","fall","D",28,Inf
"cp710","lrg","fall","D",28,Inf
"cp711","lrg","fall","D",21,28
"cp712","lrg","fall","D",28,Inf
"cp713","lrg","fall","D",7,10
"cp714","lrg","fall","D",28,Inf
"cp715","lrg","fall","D",28,Inf
"cp716","lrg","fall","D",28,Inf
"cp717","lrg","fall","D",28,Inf
"cp718","lrg","fall","D",28,Inf
"cp719","lrg","fall","D",28,Inf
"cp720","lrg","fall","D",4,7
