"pkID","Size","Season","s1","s2","s3","s4","s5"
"pk1","bat","spring",0,0,0,0,0
"pk2","bat","spring",0,0,0,0,0
"pk3","bat","spring",0,1,NA,NA,NA
"pk4","bat","spring",1,NA,NA,NA,NA
"pk5","bat","spring",1,NA,NA,NA,NA
"pk6","bat","spring",1,NA,NA,NA,NA
"pk7","bat","spring",1,NA,NA,NA,NA
"pk8","bat","spring",1,NA,NA,NA,NA
"pk9","bat","spring",1,NA,NA,NA,NA
"pk10","bat","spring",1,NA,NA,NA,NA
"pk11","bat","spring",0,1,NA,NA,NA
"pk12","bat","spring",0,0,0,0,1
"pk13","bat","spring",1,NA,NA,NA,NA
"pk14","bat","spring",1,NA,NA,NA,NA
"pk15","bat","spring",0,1,NA,NA,NA
"pk16","bat","spring",1,NA,NA,NA,NA
"pk17","bat","spring",1,NA,NA,NA,NA
"pk18","bat","spring",1,NA,NA,NA,NA
"pk19","bat","spring",0,0,1,NA,NA
"pk20","bat","spring",1,NA,NA,NA,NA
"pk21","bat","summer",1,NA,NA,NA,NA
"pk22","bat","summer",0,0,0,1,NA
"pk23","bat","summer",1,NA,NA,NA,NA
"pk24","bat","summer",1,NA,NA,NA,NA
"pk25","bat","summer",1,NA,NA,NA,NA
"pk26","bat","summer",0,0,1,NA,NA
"pk27","bat","summer",1,NA,NA,NA,NA
"pk28","bat","summer",1,NA,NA,NA,NA
"pk29","bat","summer",1,NA,NA,NA,NA
"pk30","bat","summer",1,NA,NA,NA,NA
"pk31","bat","summer",1,NA,NA,NA,NA
"pk32","bat","summer",0,0,0,0,0
"pk33","bat","summer",0,0,1,NA,NA
"pk34","bat","summer",1,NA,NA,NA,NA
"pk35","bat","summer",1,NA,NA,NA,NA
"pk36","bat","summer",1,NA,NA,NA,NA
"pk37","bat","summer",0,1,NA,NA,NA
"pk38","bat","summer",1,NA,NA,NA,NA
"pk39","bat","summer",1,NA,NA,NA,NA
"pk40","bat","summer",1,NA,NA,NA,NA
"pk41","bat","fall",0,0,0,1,NA
"pk42","bat","fall",0,1,NA,NA,NA
"pk43","bat","fall",1,NA,NA,NA,NA
"pk44","bat","fall",0,1,NA,NA,NA
"pk45","bat","fall",1,NA,NA,NA,NA
"pk46","bat","fall",1,NA,NA,NA,NA
"pk47","bat","fall",1,NA,NA,NA,NA
"pk48","bat","fall",0,1,NA,NA,NA
"pk49","bat","fall",1,NA,NA,NA,NA
"pk50","bat","fall",0,0,0,0,0
"pk51","bat","fall",1,NA,NA,NA,NA
"pk52","bat","fall",0,0,0,0,0
"pk53","bat","fall",0,1,NA,NA,NA
"pk54","bat","fall",0,0,1,NA,NA
"pk55","bat","fall",1,NA,NA,NA,NA
"pk56","bat","fall",0,1,NA,NA,NA
"pk57","bat","fall",0,0,1,NA,NA
"pk58","bat","fall",0,1,NA,NA,NA
"pk59","bat","fall",1,NA,NA,NA,NA
"pk60","bat","fall",1,NA,NA,NA,NA
"pk181","sml","spring",1,NA,NA,NA,NA
"pk182","sml","spring",1,NA,NA,NA,NA
"pk183","sml","spring",0,0,0,0,0
"pk184","sml","spring",1,NA,NA,NA,NA
"pk185","sml","spring",0,0,1,NA,NA
"pk186","sml","spring",1,NA,NA,NA,NA
"pk187","sml","spring",1,NA,NA,NA,NA
"pk188","sml","spring",1,NA,NA,NA,NA
"pk189","sml","spring",0,0,0,0,1
"pk190","sml","spring",0,1,NA,NA,NA
"pk191","sml","spring",1,NA,NA,NA,NA
"pk192","sml","spring",0,0,1,NA,NA
"pk193","sml","spring",1,NA,NA,NA,NA
"pk194","sml","spring",1,NA,NA,NA,NA
"pk195","sml","spring",1,NA,NA,NA,NA
"pk196","sml","spring",0,0,1,NA,NA
"pk197","sml","spring",1,NA,NA,NA,NA
"pk198","sml","spring",1,NA,NA,NA,NA
"pk199","sml","spring",1,NA,NA,NA,NA
"pk200","sml","spring",0,1,NA,NA,NA
"pk201","sml","summer",0,1,NA,NA,NA
"pk202","sml","summer",0,0,1,NA,NA
"pk203","sml","summer",1,NA,NA,NA,NA
"pk204","sml","summer",1,NA,NA,NA,NA
"pk205","sml","summer",1,NA,NA,NA,NA
"pk206","sml","summer",0,1,NA,NA,NA
"pk207","sml","summer",1,NA,NA,NA,NA
"pk208","sml","summer",1,NA,NA,NA,NA
"pk209","sml","summer",1,NA,NA,NA,NA
"pk210","sml","summer",0,1,NA,NA,NA
"pk211","sml","summer",1,NA,NA,NA,NA
"pk212","sml","summer",1,NA,NA,NA,NA
"pk213","sml","summer",0,1,NA,NA,NA
"pk214","sml","summer",1,NA,NA,NA,NA
"pk215","sml","summer",0,0,1,NA,NA
"pk216","sml","summer",0,0,0,0,1
"pk217","sml","summer",0,1,NA,NA,NA
"pk218","sml","summer",1,NA,NA,NA,NA
"pk219","sml","summer",1,NA,NA,NA,NA
"pk220","sml","summer",1,NA,NA,NA,NA
"pk221","sml","fall",1,NA,NA,NA,NA
"pk222","sml","fall",1,NA,NA,NA,NA
"pk223","sml","fall",1,NA,NA,NA,NA
"pk224","sml","fall",0,1,NA,NA,NA
"pk225","sml","fall",1,NA,NA,NA,NA
"pk226","sml","fall",1,NA,NA,NA,NA
"pk227","sml","fall",1,NA,NA,NA,NA
"pk228","sml","fall",1,NA,NA,NA,NA
"pk229","sml","fall",0,0,1,NA,NA
"pk230","sml","fall",1,NA,NA,NA,NA
"pk231","sml","fall",1,NA,NA,NA,NA
"pk232","sml","fall",0,1,NA,NA,NA
"pk233","sml","fall",1,NA,NA,NA,NA
"pk234","sml","fall",1,NA,NA,NA,NA
"pk235","sml","fall",0,0,1,NA,NA
"pk236","sml","fall",0,0,0,0,0
"pk237","sml","fall",0,1,NA,NA,NA
"pk238","sml","fall",1,NA,NA,NA,NA
"pk239","sml","fall",1,NA,NA,NA,NA
"pk240","sml","fall",1,NA,NA,NA,NA
"pk361","med","spring",0,0,0,1,NA
"pk362","med","spring",0,1,NA,NA,NA
"pk363","med","spring",0,1,NA,NA,NA
"pk364","med","spring",1,NA,NA,NA,NA
"pk365","med","spring",1,NA,NA,NA,NA
"pk366","med","spring",0,1,NA,NA,NA
"pk367","med","spring",0,1,NA,NA,NA
"pk368","med","spring",1,NA,NA,NA,NA
"pk369","med","spring",1,NA,NA,NA,NA
"pk370","med","spring",1,NA,NA,NA,NA
"pk371","med","spring",1,NA,NA,NA,NA
"pk372","med","spring",1,NA,NA,NA,NA
"pk373","med","spring",0,0,0,1,NA
"pk374","med","spring",1,NA,NA,NA,NA
"pk375","med","spring",1,NA,NA,NA,NA
"pk376","med","spring",1,NA,NA,NA,NA
"pk377","med","spring",0,1,NA,NA,NA
"pk378","med","spring",1,NA,NA,NA,NA
"pk379","med","spring",1,NA,NA,NA,NA
"pk380","med","spring",0,0,0,0,0
"pk381","med","summer",1,NA,NA,NA,NA
"pk382","med","summer",1,NA,NA,NA,NA
"pk383","med","summer",1,NA,NA,NA,NA
"pk384","med","summer",1,NA,NA,NA,NA
"pk385","med","summer",1,NA,NA,NA,NA
"pk386","med","summer",1,NA,NA,NA,NA
"pk387","med","summer",0,0,1,NA,NA
"pk388","med","summer",1,NA,NA,NA,NA
"pk389","med","summer",0,1,NA,NA,NA
"pk390","med","summer",0,1,NA,NA,NA
"pk391","med","summer",1,NA,NA,NA,NA
"pk392","med","summer",0,0,0,0,0
"pk393","med","summer",0,1,NA,NA,NA
"pk394","med","summer",1,NA,NA,NA,NA
"pk395","med","summer",1,NA,NA,NA,NA
"pk396","med","summer",1,NA,NA,NA,NA
"pk397","med","summer",1,NA,NA,NA,NA
"pk398","med","summer",1,NA,NA,NA,NA
"pk399","med","summer",1,NA,NA,NA,NA
"pk400","med","summer",1,NA,NA,NA,NA
"pk401","med","fall",0,0,0,0,0
"pk402","med","fall",1,NA,NA,NA,NA
"pk403","med","fall",1,NA,NA,NA,NA
"pk404","med","fall",1,NA,NA,NA,NA
"pk405","med","fall",1,NA,NA,NA,NA
"pk406","med","fall",1,NA,NA,NA,NA
"pk407","med","fall",1,NA,NA,NA,NA
"pk408","med","fall",0,1,NA,NA,NA
"pk409","med","fall",1,NA,NA,NA,NA
"pk410","med","fall",1,NA,NA,NA,NA
"pk411","med","fall",1,NA,NA,NA,NA
"pk412","med","fall",1,NA,NA,NA,NA
"pk413","med","fall",1,NA,NA,NA,NA
"pk414","med","fall",1,NA,NA,NA,NA
"pk415","med","fall",1,NA,NA,NA,NA
"pk416","med","fall",1,NA,NA,NA,NA
"pk417","med","fall",0,0,0,0,0
"pk418","med","fall",0,0,1,NA,NA
"pk419","med","fall",0,0,1,NA,NA
"pk420","med","fall",1,NA,NA,NA,NA
"pk541","lrg","spring",1,NA,NA,NA,NA
"pk542","lrg","spring",1,NA,NA,NA,NA
"pk543","lrg","spring",1,NA,NA,NA,NA
"pk544","lrg","spring",1,NA,NA,NA,NA
"pk545","lrg","spring",1,NA,NA,NA,NA
"pk546","lrg","spring",1,NA,NA,NA,NA
"pk547","lrg","spring",1,NA,NA,NA,NA
"pk548","lrg","spring",1,NA,NA,NA,NA
"pk549","lrg","spring",1,NA,NA,NA,NA
"pk550","lrg","spring",1,NA,NA,NA,NA
"pk551","lrg","spring",1,NA,NA,NA,NA
"pk552","lrg","spring",1,NA,NA,NA,NA
"pk553","lrg","spring",1,NA,NA,NA,NA
"pk554","lrg","spring",1,NA,NA,NA,NA
"pk555","lrg","spring",0,1,NA,NA,NA
"pk556","lrg","spring",1,NA,NA,NA,NA
"pk557","lrg","spring",1,NA,NA,NA,NA
"pk558","lrg","spring",0,1,NA,NA,NA
"pk559","lrg","spring",1,NA,NA,NA,NA
"pk560","lrg","spring",1,NA,NA,NA,NA
"pk561","lrg","summer",1,NA,NA,NA,NA
"pk562","lrg","summer",1,NA,NA,NA,NA
"pk563","lrg","summer",1,NA,NA,NA,NA
"pk564","lrg","summer",1,NA,NA,NA,NA
"pk565","lrg","summer",1,NA,NA,NA,NA
"pk566","lrg","summer",1,NA,NA,NA,NA
"pk567","lrg","summer",1,NA,NA,NA,NA
"pk568","lrg","summer",1,NA,NA,NA,NA
"pk569","lrg","summer",1,NA,NA,NA,NA
"pk570","lrg","summer",1,NA,NA,NA,NA
"pk571","lrg","summer",1,NA,NA,NA,NA
"pk572","lrg","summer",1,NA,NA,NA,NA
"pk573","lrg","summer",1,NA,NA,NA,NA
"pk574","lrg","summer",1,NA,NA,NA,NA
"pk575","lrg","summer",1,NA,NA,NA,NA
"pk576","lrg","summer",1,NA,NA,NA,NA
"pk577","lrg","summer",1,NA,NA,NA,NA
"pk578","lrg","summer",1,NA,NA,NA,NA
"pk579","lrg","summer",1,NA,NA,NA,NA
"pk580","lrg","summer",1,NA,NA,NA,NA
"pk581","lrg","fall",1,NA,NA,NA,NA
"pk582","lrg","fall",1,NA,NA,NA,NA
"pk583","lrg","fall",1,NA,NA,NA,NA
"pk584","lrg","fall",1,NA,NA,NA,NA
"pk585","lrg","fall",1,NA,NA,NA,NA
"pk586","lrg","fall",1,NA,NA,NA,NA
"pk587","lrg","fall",1,NA,NA,NA,NA
"pk588","lrg","fall",1,NA,NA,NA,NA
"pk589","lrg","fall",1,NA,NA,NA,NA
"pk590","lrg","fall",1,NA,NA,NA,NA
"pk591","lrg","fall",1,NA,NA,NA,NA
"pk592","lrg","fall",1,NA,NA,NA,NA
"pk593","lrg","fall",1,NA,NA,NA,NA
"pk594","lrg","fall",1,NA,NA,NA,NA
"pk595","lrg","fall",1,NA,NA,NA,NA
"pk596","lrg","fall",1,NA,NA,NA,NA
"pk597","lrg","fall",1,NA,NA,NA,NA
"pk598","lrg","fall",1,NA,NA,NA,NA
"pk599","lrg","fall",1,NA,NA,NA,NA
"pk600","lrg","fall",1,NA,NA,NA,NA
