"Index","Visibility","Season","Size","Search1","Search2","Search3","Search4","Search5"
1,"RP","spring","small",0,0,0,0,1
2,"RP","spring","small",0,0,1,NA,NA
3,"RP","spring","small",1,NA,NA,NA,NA
4,"RP","spring","small",0,1,NA,NA,NA
5,"RP","spring","small",0,1,NA,NA,NA
6,"RP","spring","small",0,0,1,NA,NA
7,"RP","spring","small",1,NA,NA,NA,NA
8,"RP","spring","small",0,0,0,0,0
9,"RP","spring","small",1,NA,NA,NA,NA
10,"RP","spring","small",0,0,1,NA,NA
11,"RP","spring","small",0,0,1,NA,NA
12,"RP","spring","small",1,NA,NA,NA,NA
13,"RP","spring","small",1,NA,NA,NA,NA
14,"RP","spring","small",0,0,0,0,0
15,"RP","spring","small",1,NA,NA,NA,NA
16,"RP","spring","small",1,NA,NA,NA,NA
17,"RP","spring","small",1,NA,NA,NA,NA
18,"RP","spring","small",0,1,NA,NA,NA
19,"RP","spring","small",1,NA,NA,NA,NA
20,"RP","spring","small",0,0,1,NA,NA
21,"RP","summer","small",1,NA,NA,NA,NA
22,"RP","summer","small",1,NA,NA,NA,NA
23,"RP","summer","small",1,NA,NA,NA,NA
24,"RP","summer","small",1,NA,NA,NA,NA
25,"RP","summer","small",1,NA,NA,NA,NA
26,"RP","summer","small",1,NA,NA,NA,NA
27,"RP","summer","small",0,0,0,0,0
28,"RP","summer","small",0,0,0,0,0
29,"RP","summer","small",1,NA,NA,NA,NA
30,"RP","summer","small",1,NA,NA,NA,NA
31,"RP","summer","small",0,0,1,NA,NA
32,"RP","summer","small",1,NA,NA,NA,NA
33,"RP","summer","small",1,NA,NA,NA,NA
34,"RP","summer","small",0,1,NA,NA,NA
35,"RP","summer","small",0,0,1,NA,NA
36,"RP","summer","small",1,NA,NA,NA,NA
37,"RP","summer","small",1,NA,NA,NA,NA
38,"RP","summer","small",1,NA,NA,NA,NA
39,"RP","summer","small",0,0,0,1,NA
40,"RP","summer","small",1,NA,NA,NA,NA
41,"RP","fall","small",1,NA,NA,NA,NA
42,"RP","fall","small",1,NA,NA,NA,NA
43,"RP","fall","small",1,NA,NA,NA,NA
44,"RP","fall","small",1,NA,NA,NA,NA
45,"RP","fall","small",1,NA,NA,NA,NA
46,"RP","fall","small",1,NA,NA,NA,NA
47,"RP","fall","small",0,0,1,NA,NA
48,"RP","fall","small",1,NA,NA,NA,NA
49,"RP","fall","small",1,NA,NA,NA,NA
50,"RP","fall","small",0,1,NA,NA,NA
51,"RP","fall","small",1,NA,NA,NA,NA
52,"RP","fall","small",0,0,0,0,1
53,"RP","fall","small",1,NA,NA,NA,NA
54,"RP","fall","small",1,NA,NA,NA,NA
55,"RP","fall","small",1,NA,NA,NA,NA
56,"RP","fall","small",1,NA,NA,NA,NA
57,"RP","fall","small",1,NA,NA,NA,NA
58,"RP","fall","small",1,NA,NA,NA,NA
59,"RP","fall","small",1,NA,NA,NA,NA
60,"RP","fall","small",0,0,0,0,0
61,"M","spring","small",0,1,NA,NA,NA
62,"M","spring","small",0,0,1,NA,NA
63,"M","spring","small",0,1,NA,NA,NA
64,"M","spring","small",0,0,0,0,0
65,"M","spring","small",1,NA,NA,NA,NA
66,"M","spring","small",0,0,0,0,0
67,"M","spring","small",1,NA,NA,NA,NA
68,"M","spring","small",1,NA,NA,NA,NA
69,"M","spring","small",0,0,0,1,NA
70,"M","spring","small",0,0,1,NA,NA
71,"M","spring","small",0,1,NA,NA,NA
72,"M","spring","small",0,0,0,0,0
73,"M","spring","small",0,0,0,0,1
74,"M","spring","small",0,0,0,0,0
75,"M","spring","small",0,0,0,0,0
76,"M","spring","small",0,0,1,NA,NA
77,"M","spring","small",0,0,0,0,0
78,"M","spring","small",0,0,0,0,0
79,"M","spring","small",0,0,0,0,0
80,"M","spring","small",0,0,0,0,0
81,"M","summer","small",0,0,0,0,0
82,"M","summer","small",1,NA,NA,NA,NA
83,"M","summer","small",0,0,0,0,0
84,"M","summer","small",0,0,0,0,0
85,"M","summer","small",0,0,0,1,NA
86,"M","summer","small",1,NA,NA,NA,NA
87,"M","summer","small",0,0,1,NA,NA
88,"M","summer","small",0,0,0,1,NA
89,"M","summer","small",1,NA,NA,NA,NA
90,"M","summer","small",1,NA,NA,NA,NA
91,"M","summer","small",1,NA,NA,NA,NA
92,"M","summer","small",0,1,NA,NA,NA
93,"M","summer","small",0,0,0,0,0
94,"M","summer","small",1,NA,NA,NA,NA
95,"M","summer","small",0,1,NA,NA,NA
96,"M","summer","small",0,1,NA,NA,NA
97,"M","summer","small",0,1,NA,NA,NA
98,"M","summer","small",1,NA,NA,NA,NA
99,"M","summer","small",0,0,0,0,0
100,"M","summer","small",1,NA,NA,NA,NA
101,"M","fall","small",1,NA,NA,NA,NA
102,"M","fall","small",0,0,0,1,NA
103,"M","fall","small",1,NA,NA,NA,NA
104,"M","fall","small",1,NA,NA,NA,NA
105,"M","fall","small",0,1,NA,NA,NA
106,"M","fall","small",0,1,NA,NA,NA
107,"M","fall","small",0,1,NA,NA,NA
108,"M","fall","small",0,0,0,0,0
109,"M","fall","small",0,0,0,0,0
110,"M","fall","small",0,1,NA,NA,NA
111,"M","fall","small",1,NA,NA,NA,NA
112,"M","fall","small",0,0,0,0,0
113,"M","fall","small",0,0,0,0,0
114,"M","fall","small",0,0,0,0,0
115,"M","fall","small",1,NA,NA,NA,NA
116,"M","fall","small",0,0,1,NA,NA
117,"M","fall","small",1,NA,NA,NA,NA
118,"M","fall","small",0,0,0,0,0
119,"M","fall","small",0,1,NA,NA,NA
120,"M","fall","small",0,1,NA,NA,NA
121,"D","spring","small",0,0,0,0,0
122,"D","spring","small",0,0,1,NA,NA
123,"D","spring","small",0,1,NA,NA,NA
124,"D","spring","small",1,NA,NA,NA,NA
125,"D","spring","small",1,NA,NA,NA,NA
126,"D","spring","small",0,0,0,0,0
127,"D","spring","small",1,NA,NA,NA,NA
128,"D","spring","small",1,NA,NA,NA,NA
129,"D","spring","small",0,0,0,0,0
130,"D","spring","small",0,0,0,0,0
131,"D","spring","small",1,NA,NA,NA,NA
132,"D","spring","small",0,0,0,0,0
133,"D","spring","small",0,0,0,0,0
134,"D","spring","small",0,1,NA,NA,NA
135,"D","spring","small",0,0,0,0,0
136,"D","spring","small",0,0,0,0,0
137,"D","spring","small",0,0,0,0,0
138,"D","spring","small",0,0,0,0,0
139,"D","spring","small",0,0,0,0,0
140,"D","spring","small",0,0,0,0,0
141,"D","summer","small",0,0,1,NA,NA
142,"D","summer","small",0,0,0,0,0
143,"D","summer","small",1,NA,NA,NA,NA
144,"D","summer","small",0,0,0,1,NA
145,"D","summer","small",0,0,0,0,0
146,"D","summer","small",0,0,0,0,0
147,"D","summer","small",0,0,0,0,0
148,"D","summer","small",0,0,1,NA,NA
149,"D","summer","small",0,1,NA,NA,NA
150,"D","summer","small",1,NA,NA,NA,NA
151,"D","summer","small",0,1,NA,NA,NA
152,"D","summer","small",0,0,0,0,0
153,"D","summer","small",0,0,0,0,0
154,"D","summer","small",0,1,NA,NA,NA
155,"D","summer","small",0,1,NA,NA,NA
156,"D","summer","small",0,0,0,1,NA
157,"D","summer","small",0,0,0,0,0
158,"D","summer","small",0,1,NA,NA,NA
159,"D","summer","small",1,NA,NA,NA,NA
160,"D","summer","small",0,0,0,0,0
161,"D","fall","small",0,0,0,0,0
162,"D","fall","small",0,0,0,0,0
163,"D","fall","small",0,0,0,0,0
164,"D","fall","small",0,0,0,1,NA
165,"D","fall","small",0,0,0,0,0
166,"D","fall","small",1,NA,NA,NA,NA
167,"D","fall","small",0,0,0,0,0
168,"D","fall","small",0,0,0,0,0
169,"D","fall","small",0,1,NA,NA,NA
170,"D","fall","small",0,0,0,0,0
171,"D","fall","small",0,0,0,0,0
172,"D","fall","small",0,0,0,0,1
173,"D","fall","small",0,0,0,0,0
174,"D","fall","small",0,0,0,0,0
175,"D","fall","small",0,0,0,0,0
176,"D","fall","small",0,0,0,0,0
177,"D","fall","small",0,1,NA,NA,NA
178,"D","fall","small",1,NA,NA,NA,NA
179,"D","fall","small",0,0,0,0,0
180,"D","fall","small",0,0,0,0,0
181,"RP","spring","med",1,NA,NA,NA,NA
182,"RP","spring","med",1,NA,NA,NA,NA
183,"RP","spring","med",1,NA,NA,NA,NA
184,"RP","spring","med",0,1,NA,NA,NA
185,"RP","spring","med",0,1,NA,NA,NA
186,"RP","spring","med",1,NA,NA,NA,NA
187,"RP","spring","med",0,1,NA,NA,NA
188,"RP","spring","med",0,0,1,NA,NA
189,"RP","spring","med",0,0,1,NA,NA
190,"RP","spring","med",1,NA,NA,NA,NA
191,"RP","spring","med",0,1,NA,NA,NA
192,"RP","spring","med",0,0,0,0,0
193,"RP","spring","med",1,NA,NA,NA,NA
194,"RP","spring","med",1,NA,NA,NA,NA
195,"RP","spring","med",1,NA,NA,NA,NA
196,"RP","spring","med",1,NA,NA,NA,NA
197,"RP","spring","med",1,NA,NA,NA,NA
198,"RP","spring","med",0,0,1,NA,NA
199,"RP","spring","med",1,NA,NA,NA,NA
200,"RP","spring","med",0,1,NA,NA,NA
201,"RP","summer","med",1,NA,NA,NA,NA
202,"RP","summer","med",1,NA,NA,NA,NA
203,"RP","summer","med",1,NA,NA,NA,NA
204,"RP","summer","med",0,1,NA,NA,NA
205,"RP","summer","med",1,NA,NA,NA,NA
206,"RP","summer","med",0,0,1,NA,NA
207,"RP","summer","med",1,NA,NA,NA,NA
208,"RP","summer","med",1,NA,NA,NA,NA
209,"RP","summer","med",1,NA,NA,NA,NA
210,"RP","summer","med",0,0,0,0,1
211,"RP","summer","med",1,NA,NA,NA,NA
212,"RP","summer","med",1,NA,NA,NA,NA
213,"RP","summer","med",0,1,NA,NA,NA
214,"RP","summer","med",1,NA,NA,NA,NA
215,"RP","summer","med",0,0,1,NA,NA
216,"RP","summer","med",1,NA,NA,NA,NA
217,"RP","summer","med",1,NA,NA,NA,NA
218,"RP","summer","med",1,NA,NA,NA,NA
219,"RP","summer","med",1,NA,NA,NA,NA
220,"RP","summer","med",1,NA,NA,NA,NA
221,"RP","fall","med",1,NA,NA,NA,NA
222,"RP","fall","med",1,NA,NA,NA,NA
223,"RP","fall","med",1,NA,NA,NA,NA
224,"RP","fall","med",0,0,1,NA,NA
225,"RP","fall","med",1,NA,NA,NA,NA
226,"RP","fall","med",1,NA,NA,NA,NA
227,"RP","fall","med",0,0,1,NA,NA
228,"RP","fall","med",1,NA,NA,NA,NA
229,"RP","fall","med",1,NA,NA,NA,NA
230,"RP","fall","med",0,0,0,0,0
231,"RP","fall","med",1,NA,NA,NA,NA
232,"RP","fall","med",0,1,NA,NA,NA
233,"RP","fall","med",0,1,NA,NA,NA
234,"RP","fall","med",1,NA,NA,NA,NA
235,"RP","fall","med",1,NA,NA,NA,NA
236,"RP","fall","med",0,1,NA,NA,NA
237,"RP","fall","med",1,NA,NA,NA,NA
238,"RP","fall","med",1,NA,NA,NA,NA
239,"RP","fall","med",1,NA,NA,NA,NA
240,"RP","fall","med",1,NA,NA,NA,NA
241,"M","spring","med",0,0,0,0,0
242,"M","spring","med",0,0,0,0,0
243,"M","spring","med",1,NA,NA,NA,NA
244,"M","spring","med",0,1,NA,NA,NA
245,"M","spring","med",0,0,0,0,0
246,"M","spring","med",0,0,0,0,1
247,"M","spring","med",0,1,NA,NA,NA
248,"M","spring","med",0,1,NA,NA,NA
249,"M","spring","med",1,NA,NA,NA,NA
250,"M","spring","med",1,NA,NA,NA,NA
251,"M","spring","med",0,0,0,0,0
252,"M","spring","med",0,0,0,0,0
253,"M","spring","med",0,0,1,NA,NA
254,"M","spring","med",1,NA,NA,NA,NA
255,"M","spring","med",1,NA,NA,NA,NA
256,"M","spring","med",0,0,0,0,0
257,"M","spring","med",0,0,0,0,0
258,"M","spring","med",1,NA,NA,NA,NA
259,"M","spring","med",0,0,0,0,0
260,"M","spring","med",0,1,NA,NA,NA
261,"M","summer","med",0,0,0,0,0
262,"M","summer","med",0,0,0,0,0
263,"M","summer","med",0,0,0,0,0
264,"M","summer","med",0,0,0,0,0
265,"M","summer","med",0,0,1,NA,NA
266,"M","summer","med",1,NA,NA,NA,NA
267,"M","summer","med",0,1,NA,NA,NA
268,"M","summer","med",1,NA,NA,NA,NA
269,"M","summer","med",0,0,0,0,0
270,"M","summer","med",1,NA,NA,NA,NA
271,"M","summer","med",1,NA,NA,NA,NA
272,"M","summer","med",1,NA,NA,NA,NA
273,"M","summer","med",0,0,0,0,0
274,"M","summer","med",0,0,0,0,0
275,"M","summer","med",1,NA,NA,NA,NA
276,"M","summer","med",1,NA,NA,NA,NA
277,"M","summer","med",1,NA,NA,NA,NA
278,"M","summer","med",1,NA,NA,NA,NA
279,"M","summer","med",1,NA,NA,NA,NA
280,"M","summer","med",0,0,0,0,0
281,"M","fall","med",0,1,NA,NA,NA
282,"M","fall","med",1,NA,NA,NA,NA
283,"M","fall","med",0,0,1,NA,NA
284,"M","fall","med",0,0,0,0,1
285,"M","fall","med",0,0,0,0,0
286,"M","fall","med",0,0,0,0,0
287,"M","fall","med",0,1,NA,NA,NA
288,"M","fall","med",0,0,0,0,0
289,"M","fall","med",1,NA,NA,NA,NA
290,"M","fall","med",0,0,0,0,0
291,"M","fall","med",0,1,NA,NA,NA
292,"M","fall","med",0,0,0,0,0
293,"M","fall","med",0,1,NA,NA,NA
294,"M","fall","med",0,0,0,0,1
295,"M","fall","med",0,1,NA,NA,NA
296,"M","fall","med",0,0,1,NA,NA
297,"M","fall","med",1,NA,NA,NA,NA
298,"M","fall","med",0,1,NA,NA,NA
299,"M","fall","med",0,0,0,0,0
300,"M","fall","med",0,0,0,1,NA
301,"D","spring","med",0,0,0,0,0
302,"D","spring","med",0,0,0,0,0
303,"D","spring","med",1,NA,NA,NA,NA
304,"D","spring","med",0,1,NA,NA,NA
305,"D","spring","med",0,1,NA,NA,NA
306,"D","spring","med",1,NA,NA,NA,NA
307,"D","spring","med",0,0,0,0,0
308,"D","spring","med",0,1,NA,NA,NA
309,"D","spring","med",1,NA,NA,NA,NA
310,"D","spring","med",1,NA,NA,NA,NA
311,"D","spring","med",0,0,1,NA,NA
312,"D","spring","med",0,0,0,0,0
313,"D","spring","med",0,0,0,0,0
314,"D","spring","med",0,0,0,0,0
315,"D","spring","med",0,0,0,0,0
316,"D","spring","med",0,0,0,0,0
317,"D","spring","med",1,NA,NA,NA,NA
318,"D","spring","med",0,0,0,0,0
319,"D","spring","med",0,0,0,0,0
320,"D","spring","med",1,NA,NA,NA,NA
321,"D","summer","med",0,0,0,0,0
322,"D","summer","med",1,NA,NA,NA,NA
323,"D","summer","med",0,1,NA,NA,NA
324,"D","summer","med",0,0,0,0,0
325,"D","summer","med",0,0,1,NA,NA
326,"D","summer","med",1,NA,NA,NA,NA
327,"D","summer","med",0,0,0,0,0
328,"D","summer","med",0,0,0,0,0
329,"D","summer","med",0,0,0,0,0
330,"D","summer","med",1,NA,NA,NA,NA
331,"D","summer","med",0,0,0,0,0
332,"D","summer","med",1,NA,NA,NA,NA
333,"D","summer","med",0,0,0,0,0
334,"D","summer","med",1,NA,NA,NA,NA
335,"D","summer","med",1,NA,NA,NA,NA
336,"D","summer","med",0,1,NA,NA,NA
337,"D","summer","med",0,1,NA,NA,NA
338,"D","summer","med",1,NA,NA,NA,NA
339,"D","summer","med",0,1,NA,NA,NA
340,"D","summer","med",1,NA,NA,NA,NA
341,"D","fall","med",0,0,0,0,0
342,"D","fall","med",1,NA,NA,NA,NA
343,"D","fall","med",0,1,NA,NA,NA
344,"D","fall","med",1,NA,NA,NA,NA
345,"D","fall","med",0,0,0,0,0
346,"D","fall","med",0,0,0,0,0
347,"D","fall","med",0,0,0,0,0
348,"D","fall","med",0,0,0,0,0
349,"D","fall","med",1,NA,NA,NA,NA
350,"D","fall","med",0,0,0,0,0
351,"D","fall","med",0,0,0,0,0
352,"D","fall","med",1,NA,NA,NA,NA
353,"D","fall","med",1,NA,NA,NA,NA
354,"D","fall","med",0,0,0,0,0
355,"D","fall","med",1,NA,NA,NA,NA
356,"D","fall","med",0,0,0,0,1
357,"D","fall","med",0,0,0,0,0
358,"D","fall","med",1,NA,NA,NA,NA
359,"D","fall","med",0,0,0,0,0
360,"D","fall","med",0,1,NA,NA,NA
361,"RP","spring","lrg",0,1,NA,NA,NA
362,"RP","spring","lrg",1,NA,NA,NA,NA
363,"RP","spring","lrg",1,NA,NA,NA,NA
364,"RP","spring","lrg",1,NA,NA,NA,NA
365,"RP","spring","lrg",1,NA,NA,NA,NA
366,"RP","spring","lrg",1,NA,NA,NA,NA
367,"RP","spring","lrg",1,NA,NA,NA,NA
368,"RP","spring","lrg",1,NA,NA,NA,NA
369,"RP","spring","lrg",1,NA,NA,NA,NA
370,"RP","spring","lrg",1,NA,NA,NA,NA
371,"RP","spring","lrg",1,NA,NA,NA,NA
372,"RP","spring","lrg",1,NA,NA,NA,NA
373,"RP","spring","lrg",1,NA,NA,NA,NA
374,"RP","spring","lrg",1,NA,NA,NA,NA
375,"RP","spring","lrg",1,NA,NA,NA,NA
376,"RP","spring","lrg",1,NA,NA,NA,NA
377,"RP","spring","lrg",1,NA,NA,NA,NA
378,"RP","spring","lrg",1,NA,NA,NA,NA
379,"RP","spring","lrg",1,NA,NA,NA,NA
380,"RP","spring","lrg",1,NA,NA,NA,NA
381,"RP","summer","lrg",1,NA,NA,NA,NA
382,"RP","summer","lrg",1,NA,NA,NA,NA
383,"RP","summer","lrg",1,NA,NA,NA,NA
384,"RP","summer","lrg",1,NA,NA,NA,NA
385,"RP","summer","lrg",1,NA,NA,NA,NA
386,"RP","summer","lrg",1,NA,NA,NA,NA
387,"RP","summer","lrg",1,NA,NA,NA,NA
388,"RP","summer","lrg",1,NA,NA,NA,NA
389,"RP","summer","lrg",1,NA,NA,NA,NA
390,"RP","summer","lrg",1,NA,NA,NA,NA
391,"RP","summer","lrg",1,NA,NA,NA,NA
392,"RP","summer","lrg",1,NA,NA,NA,NA
393,"RP","summer","lrg",1,NA,NA,NA,NA
394,"RP","summer","lrg",1,NA,NA,NA,NA
395,"RP","summer","lrg",1,NA,NA,NA,NA
396,"RP","summer","lrg",1,NA,NA,NA,NA
397,"RP","summer","lrg",1,NA,NA,NA,NA
398,"RP","summer","lrg",1,NA,NA,NA,NA
399,"RP","summer","lrg",1,NA,NA,NA,NA
400,"RP","summer","lrg",1,NA,NA,NA,NA
401,"RP","fall","lrg",1,NA,NA,NA,NA
402,"RP","fall","lrg",1,NA,NA,NA,NA
403,"RP","fall","lrg",1,NA,NA,NA,NA
404,"RP","fall","lrg",1,NA,NA,NA,NA
405,"RP","fall","lrg",1,NA,NA,NA,NA
406,"RP","fall","lrg",1,NA,NA,NA,NA
407,"RP","fall","lrg",1,NA,NA,NA,NA
408,"RP","fall","lrg",1,NA,NA,NA,NA
409,"RP","fall","lrg",1,NA,NA,NA,NA
410,"RP","fall","lrg",1,NA,NA,NA,NA
411,"RP","fall","lrg",1,NA,NA,NA,NA
412,"RP","fall","lrg",1,NA,NA,NA,NA
413,"RP","fall","lrg",1,NA,NA,NA,NA
414,"RP","fall","lrg",1,NA,NA,NA,NA
415,"RP","fall","lrg",1,NA,NA,NA,NA
416,"RP","fall","lrg",1,NA,NA,NA,NA
417,"RP","fall","lrg",1,NA,NA,NA,NA
418,"RP","fall","lrg",1,NA,NA,NA,NA
419,"RP","fall","lrg",1,NA,NA,NA,NA
420,"RP","fall","lrg",1,NA,NA,NA,NA
421,"M","spring","lrg",1,NA,NA,NA,NA
422,"M","spring","lrg",0,1,NA,NA,NA
423,"M","spring","lrg",1,NA,NA,NA,NA
424,"M","spring","lrg",1,NA,NA,NA,NA
425,"M","spring","lrg",1,NA,NA,NA,NA
426,"M","spring","lrg",0,1,NA,NA,NA
427,"M","spring","lrg",0,1,NA,NA,NA
428,"M","spring","lrg",1,NA,NA,NA,NA
429,"M","spring","lrg",1,NA,NA,NA,NA
430,"M","spring","lrg",0,0,1,NA,NA
431,"M","spring","lrg",1,NA,NA,NA,NA
432,"M","spring","lrg",0,1,NA,NA,NA
433,"M","spring","lrg",1,NA,NA,NA,NA
434,"M","spring","lrg",0,1,NA,NA,NA
435,"M","spring","lrg",1,NA,NA,NA,NA
436,"M","spring","lrg",1,NA,NA,NA,NA
437,"M","spring","lrg",1,NA,NA,NA,NA
438,"M","spring","lrg",1,NA,NA,NA,NA
439,"M","spring","lrg",1,NA,NA,NA,NA
440,"M","spring","lrg",1,NA,NA,NA,NA
441,"M","summer","lrg",1,NA,NA,NA,NA
442,"M","summer","lrg",1,NA,NA,NA,NA
443,"M","summer","lrg",1,NA,NA,NA,NA
444,"M","summer","lrg",1,NA,NA,NA,NA
445,"M","summer","lrg",1,NA,NA,NA,NA
446,"M","summer","lrg",1,NA,NA,NA,NA
447,"M","summer","lrg",0,1,NA,NA,NA
448,"M","summer","lrg",1,NA,NA,NA,NA
449,"M","summer","lrg",1,NA,NA,NA,NA
450,"M","summer","lrg",1,NA,NA,NA,NA
451,"M","summer","lrg",1,NA,NA,NA,NA
452,"M","summer","lrg",1,NA,NA,NA,NA
453,"M","summer","lrg",1,NA,NA,NA,NA
454,"M","summer","lrg",1,NA,NA,NA,NA
455,"M","summer","lrg",0,0,0,1,NA
456,"M","summer","lrg",0,1,NA,NA,NA
457,"M","summer","lrg",1,NA,NA,NA,NA
458,"M","summer","lrg",1,NA,NA,NA,NA
459,"M","summer","lrg",1,NA,NA,NA,NA
460,"M","summer","lrg",1,NA,NA,NA,NA
461,"M","fall","lrg",1,NA,NA,NA,NA
462,"M","fall","lrg",0,0,0,0,0
463,"M","fall","lrg",1,NA,NA,NA,NA
464,"M","fall","lrg",1,NA,NA,NA,NA
465,"M","fall","lrg",1,NA,NA,NA,NA
466,"M","fall","lrg",1,NA,NA,NA,NA
467,"M","fall","lrg",0,1,NA,NA,NA
468,"M","fall","lrg",1,NA,NA,NA,NA
469,"M","fall","lrg",0,1,NA,NA,NA
470,"M","fall","lrg",1,NA,NA,NA,NA
471,"M","fall","lrg",1,NA,NA,NA,NA
472,"M","fall","lrg",1,NA,NA,NA,NA
473,"M","fall","lrg",1,NA,NA,NA,NA
474,"M","fall","lrg",1,NA,NA,NA,NA
475,"M","fall","lrg",1,NA,NA,NA,NA
476,"M","fall","lrg",1,NA,NA,NA,NA
477,"M","fall","lrg",0,0,0,0,0
478,"M","fall","lrg",1,NA,NA,NA,NA
479,"M","fall","lrg",1,NA,NA,NA,NA
480,"M","fall","lrg",1,NA,NA,NA,NA
481,"D","spring","lrg",0,1,NA,NA,NA
482,"D","spring","lrg",1,NA,NA,NA,NA
483,"D","spring","lrg",0,1,NA,NA,NA
484,"D","spring","lrg",0,0,0,0,0
485,"D","spring","lrg",0,0,0,0,0
486,"D","spring","lrg",0,0,0,1,NA
487,"D","spring","lrg",0,0,1,NA,NA
488,"D","spring","lrg",0,1,NA,NA,NA
489,"D","spring","lrg",1,NA,NA,NA,NA
490,"D","spring","lrg",0,0,0,0,0
491,"D","spring","lrg",0,1,NA,NA,NA
492,"D","spring","lrg",1,NA,NA,NA,NA
493,"D","spring","lrg",1,NA,NA,NA,NA
494,"D","spring","lrg",0,1,NA,NA,NA
495,"D","spring","lrg",1,NA,NA,NA,NA
496,"D","spring","lrg",1,NA,NA,NA,NA
497,"D","spring","lrg",0,0,0,0,0
498,"D","spring","lrg",1,NA,NA,NA,NA
499,"D","spring","lrg",1,NA,NA,NA,NA
500,"D","spring","lrg",0,1,NA,NA,NA
501,"D","summer","lrg",1,NA,NA,NA,NA
502,"D","summer","lrg",1,NA,NA,NA,NA
503,"D","summer","lrg",0,1,NA,NA,NA
504,"D","summer","lrg",1,NA,NA,NA,NA
505,"D","summer","lrg",0,0,1,NA,NA
506,"D","summer","lrg",0,0,0,0,0
507,"D","summer","lrg",0,0,0,0,0
508,"D","summer","lrg",1,NA,NA,NA,NA
509,"D","summer","lrg",1,NA,NA,NA,NA
510,"D","summer","lrg",1,NA,NA,NA,NA
511,"D","summer","lrg",1,NA,NA,NA,NA
512,"D","summer","lrg",0,0,0,0,0
513,"D","summer","lrg",0,0,0,0,0
514,"D","summer","lrg",0,0,0,0,0
515,"D","summer","lrg",0,1,NA,NA,NA
516,"D","summer","lrg",0,1,NA,NA,NA
517,"D","summer","lrg",1,NA,NA,NA,NA
518,"D","summer","lrg",1,NA,NA,NA,NA
519,"D","summer","lrg",1,NA,NA,NA,NA
520,"D","summer","lrg",0,1,NA,NA,NA
521,"D","fall","lrg",1,NA,NA,NA,NA
522,"D","fall","lrg",0,0,1,NA,NA
523,"D","fall","lrg",1,NA,NA,NA,NA
524,"D","fall","lrg",1,NA,NA,NA,NA
525,"D","fall","lrg",0,1,NA,NA,NA
526,"D","fall","lrg",1,NA,NA,NA,NA
527,"D","fall","lrg",0,0,1,NA,NA
528,"D","fall","lrg",1,NA,NA,NA,NA
529,"D","fall","lrg",0,1,NA,NA,NA
530,"D","fall","lrg",0,0,0,0,0
531,"D","fall","lrg",0,1,NA,NA,NA
532,"D","fall","lrg",1,NA,NA,NA,NA
533,"D","fall","lrg",1,NA,NA,NA,NA
534,"D","fall","lrg",0,0,0,0,0
535,"D","fall","lrg",0,0,0,0,0
536,"D","fall","lrg",1,NA,NA,NA,NA
537,"D","fall","lrg",0,1,NA,NA,NA
538,"D","fall","lrg",0,0,1,NA,NA
539,"D","fall","lrg",1,NA,NA,NA,NA
540,"D","fall","lrg",0,0,0,0,0
541,"RP","spring","bat",0,0,0,1,NA
542,"RP","spring","bat",1,NA,NA,NA,NA
543,"RP","spring","bat",1,NA,NA,NA,NA
544,"RP","spring","bat",0,1,NA,NA,NA
545,"RP","spring","bat",0,0,1,NA,NA
546,"RP","spring","bat",0,0,1,NA,NA
547,"RP","spring","bat",1,NA,NA,NA,NA
548,"RP","spring","bat",1,NA,NA,NA,NA
549,"RP","spring","bat",1,NA,NA,NA,NA
550,"RP","spring","bat",1,NA,NA,NA,NA
551,"RP","spring","bat",1,NA,NA,NA,NA
552,"RP","spring","bat",1,NA,NA,NA,NA
553,"RP","spring","bat",1,NA,NA,NA,NA
554,"RP","spring","bat",1,NA,NA,NA,NA
555,"RP","spring","bat",1,NA,NA,NA,NA
556,"RP","spring","bat",0,0,0,0,0
557,"RP","spring","bat",1,NA,NA,NA,NA
558,"RP","spring","bat",0,0,1,NA,NA
559,"RP","spring","bat",1,NA,NA,NA,NA
560,"RP","spring","bat",0,0,1,NA,NA
561,"RP","summer","bat",1,NA,NA,NA,NA
562,"RP","summer","bat",0,0,0,0,0
563,"RP","summer","bat",1,NA,NA,NA,NA
564,"RP","summer","bat",0,1,NA,NA,NA
565,"RP","summer","bat",0,1,NA,NA,NA
566,"RP","summer","bat",0,0,1,NA,NA
567,"RP","summer","bat",1,NA,NA,NA,NA
568,"RP","summer","bat",0,0,0,0,0
569,"RP","summer","bat",0,1,NA,NA,NA
570,"RP","summer","bat",0,1,NA,NA,NA
571,"RP","summer","bat",0,0,0,0,0
572,"RP","summer","bat",1,NA,NA,NA,NA
573,"RP","summer","bat",1,NA,NA,NA,NA
574,"RP","summer","bat",0,1,NA,NA,NA
575,"RP","summer","bat",0,1,NA,NA,NA
576,"RP","summer","bat",1,NA,NA,NA,NA
577,"RP","summer","bat",1,NA,NA,NA,NA
578,"RP","summer","bat",1,NA,NA,NA,NA
579,"RP","summer","bat",0,0,0,1,NA
580,"RP","summer","bat",1,NA,NA,NA,NA
581,"RP","fall","bat",0,1,NA,NA,NA
582,"RP","fall","bat",0,0,0,0,0
583,"RP","fall","bat",0,0,0,0,0
584,"RP","fall","bat",1,NA,NA,NA,NA
585,"RP","fall","bat",1,NA,NA,NA,NA
586,"RP","fall","bat",1,NA,NA,NA,NA
587,"RP","fall","bat",0,0,1,NA,NA
588,"RP","fall","bat",1,NA,NA,NA,NA
589,"RP","fall","bat",1,NA,NA,NA,NA
590,"RP","fall","bat",1,NA,NA,NA,NA
591,"RP","fall","bat",0,0,0,0,1
592,"RP","fall","bat",1,NA,NA,NA,NA
593,"RP","fall","bat",1,NA,NA,NA,NA
594,"RP","fall","bat",0,0,0,0,0
595,"RP","fall","bat",1,NA,NA,NA,NA
596,"RP","fall","bat",1,NA,NA,NA,NA
597,"RP","fall","bat",0,1,NA,NA,NA
598,"RP","fall","bat",0,1,NA,NA,NA
599,"RP","fall","bat",0,0,0,1,NA
600,"RP","fall","bat",1,NA,NA,NA,NA
601,"M","spring","bat",0,0,0,0,0
602,"M","spring","bat",1,NA,NA,NA,NA
603,"M","spring","bat",0,0,0,0,0
604,"M","spring","bat",0,0,0,0,0
605,"M","spring","bat",0,0,0,0,0
606,"M","spring","bat",1,NA,NA,NA,NA
607,"M","spring","bat",0,0,0,0,0
608,"M","spring","bat",0,0,1,NA,NA
609,"M","spring","bat",0,1,NA,NA,NA
610,"M","spring","bat",0,1,NA,NA,NA
611,"M","spring","bat",1,NA,NA,NA,NA
612,"M","spring","bat",0,0,0,0,0
613,"M","spring","bat",0,0,0,0,1
614,"M","spring","bat",0,0,0,0,0
615,"M","spring","bat",1,NA,NA,NA,NA
616,"M","spring","bat",1,NA,NA,NA,NA
617,"M","spring","bat",0,1,NA,NA,NA
618,"M","spring","bat",0,0,0,0,0
619,"M","spring","bat",1,NA,NA,NA,NA
620,"M","spring","bat",0,0,1,NA,NA
621,"M","summer","bat",0,0,0,0,0
622,"M","summer","bat",0,0,0,0,0
623,"M","summer","bat",1,NA,NA,NA,NA
624,"M","summer","bat",0,0,0,1,NA
625,"M","summer","bat",0,0,0,0,0
626,"M","summer","bat",0,1,NA,NA,NA
627,"M","summer","bat",0,0,0,0,0
628,"M","summer","bat",0,0,0,0,0
629,"M","summer","bat",0,1,NA,NA,NA
630,"M","summer","bat",0,0,0,0,0
631,"M","summer","bat",1,NA,NA,NA,NA
632,"M","summer","bat",0,0,0,0,0
633,"M","summer","bat",0,1,NA,NA,NA
634,"M","summer","bat",0,0,1,NA,NA
635,"M","summer","bat",0,0,0,0,0
636,"M","summer","bat",1,NA,NA,NA,NA
637,"M","summer","bat",0,1,NA,NA,NA
638,"M","summer","bat",0,1,NA,NA,NA
639,"M","summer","bat",0,0,1,NA,NA
640,"M","summer","bat",0,0,0,0,0
641,"M","fall","bat",1,NA,NA,NA,NA
642,"M","fall","bat",0,0,0,0,0
643,"M","fall","bat",1,NA,NA,NA,NA
644,"M","fall","bat",1,NA,NA,NA,NA
645,"M","fall","bat",1,NA,NA,NA,NA
646,"M","fall","bat",0,0,1,NA,NA
647,"M","fall","bat",1,NA,NA,NA,NA
648,"M","fall","bat",1,NA,NA,NA,NA
649,"M","fall","bat",1,NA,NA,NA,NA
650,"M","fall","bat",0,0,0,0,1
651,"M","fall","bat",1,NA,NA,NA,NA
652,"M","fall","bat",0,0,0,0,0
653,"M","fall","bat",1,NA,NA,NA,NA
654,"M","fall","bat",0,0,0,0,1
655,"M","fall","bat",0,0,1,NA,NA
656,"M","fall","bat",0,0,1,NA,NA
657,"M","fall","bat",0,0,0,0,0
658,"M","fall","bat",1,NA,NA,NA,NA
659,"M","fall","bat",0,0,0,0,0
660,"M","fall","bat",0,0,0,0,0
661,"D","spring","bat",0,0,0,0,0
662,"D","spring","bat",0,0,1,NA,NA
663,"D","spring","bat",0,0,0,0,0
664,"D","spring","bat",0,0,0,0,0
665,"D","spring","bat",0,0,0,0,0
666,"D","spring","bat",0,0,0,0,0
667,"D","spring","bat",0,0,0,0,0
668,"D","spring","bat",0,0,0,0,0
669,"D","spring","bat",0,0,0,0,0
670,"D","spring","bat",0,1,NA,NA,NA
671,"D","spring","bat",1,NA,NA,NA,NA
672,"D","spring","bat",1,NA,NA,NA,NA
673,"D","spring","bat",0,0,0,0,0
674,"D","spring","bat",0,0,0,0,0
675,"D","spring","bat",0,0,0,0,0
676,"D","spring","bat",1,NA,NA,NA,NA
677,"D","spring","bat",0,0,0,1,NA
678,"D","spring","bat",0,0,0,0,0
679,"D","spring","bat",0,0,0,0,0
680,"D","spring","bat",0,0,0,0,0
681,"D","summer","bat",0,0,0,0,0
682,"D","summer","bat",1,NA,NA,NA,NA
683,"D","summer","bat",0,0,0,0,0
684,"D","summer","bat",0,0,0,0,0
685,"D","summer","bat",0,0,0,0,0
686,"D","summer","bat",0,0,0,0,0
687,"D","summer","bat",0,0,0,0,0
688,"D","summer","bat",0,0,0,0,0
689,"D","summer","bat",0,0,0,0,0
690,"D","summer","bat",0,0,0,0,0
691,"D","summer","bat",1,NA,NA,NA,NA
692,"D","summer","bat",1,NA,NA,NA,NA
693,"D","summer","bat",0,0,0,0,0
694,"D","summer","bat",0,0,0,0,0
695,"D","summer","bat",1,NA,NA,NA,NA
696,"D","summer","bat",0,0,0,0,0
697,"D","summer","bat",1,NA,NA,NA,NA
698,"D","summer","bat",0,0,0,0,0
699,"D","summer","bat",0,0,0,0,0
700,"D","summer","bat",0,0,1,NA,NA
701,"D","fall","bat",0,0,0,0,0
702,"D","fall","bat",0,0,0,0,0
703,"D","fall","bat",0,0,0,0,0
704,"D","fall","bat",0,0,0,0,0
705,"D","fall","bat",0,0,0,0,0
706,"D","fall","bat",0,0,0,0,0
707,"D","fall","bat",0,0,0,0,0
708,"D","fall","bat",0,0,0,0,0
709,"D","fall","bat",1,NA,NA,NA,NA
710,"D","fall","bat",0,0,0,0,0
711,"D","fall","bat",1,NA,NA,NA,NA
712,"D","fall","bat",0,0,0,1,NA
713,"D","fall","bat",1,NA,NA,NA,NA
714,"D","fall","bat",0,0,0,0,0
715,"D","fall","bat",0,0,0,0,0
716,"D","fall","bat",0,0,0,0,0
717,"D","fall","bat",0,0,1,NA,NA
718,"D","fall","bat",0,0,0,0,0
719,"D","fall","bat",0,0,0,0,0
720,"D","fall","bat",0,1,NA,NA,NA
